"lnRR","Env_Type"
"0.672944473","PFR"
"0.823377677","PFR"
"0.905321701","PFR"
"0.874710874","PFR"
"0.886768293","PFR"
"0.550474956","GFR"
"0.6187942","GFR"
"0.665703973","GFR"
"0.710511468","GFR"
"0.746627572","GFR"
"0.597976801","GFR"
"0.675118335","GFR"
"0.679235697","GFR"
"0.727350161","GFR"
"0.761971528","GFR"
"0.895204839","Normal"
"1.092657358","Normal"
"1.096914495","Normal"
"1.172962568","Normal"
"1.184704385","Normal"
"0.644925233","GFR"
"0.894959259","GFR"
"0.983429038","GFR"
"1.008875162","GFR"
"1.098087519","GFR"
"0.542626864","GFR"
"0.694959418","GFR"
"0.746112184","GFR"
"0.772609764","GFR"
"0.794768063","GFR"
"0.591106724","Normal"
"0.771948683","Normal"
"0.89989173","Normal"
"0.9391411","Normal"
"0.973525156","Normal"
"0.793163683","Normal"
"1.094894543","Normal"
"1.286227706","Normal"
"1.313179408","Normal"
"1.352282708","Normal"
"1.449665032","Normal"
"0.684918252","PFR"
"0.875418362","PFR"
"0.970412492","PFR"
"1.000174598","PFR"
"1.063286341","PFR"
"1.087456453","PFR"
"0.324440289","PFR"
"0.434352474","PFR"
"0.524945078","PFR"
"0.491026362","PFR"
"0.624568474","GFR"
"1.006995914","GFR"
"1.336395463","GFR"
"1.3172719","GFR"
"0.140357358","Normal"
"0.346913885","Normal"
"0.32825497","Normal"
"0.339846718","Normal"
"0.353931458","Normal"
"0.070494599","Normal"
"0.096211487","Normal"
"0.052689974","Normal"
"0.102742122","Normal"
"0.097242548","Normal"
"0.105892289","Normal"
"0.176096548","Normal"
"0.200263405","Normal"
"0.258999146","Normal"
"0.270172447","Normal"
"0.031541495","Normal"
"0.071420861","Normal"
"0.069361128","Normal"
"0.138079047","Normal"
"0.208848311","Normal"
"0.231623623","Normal"
"0.236728279","Normal"
"0.298909135","Normal"
"0.302729579","Normal"
"0.279364076","GFR"
"0.323013021","GFR"
"0.201742751","GFR"
"0.380203938","GFR"
"0.290426001","GFR"
"0.386263561","GFR"
"0.512613968","GFR"
"0.598665823","GFR"
"0.415157391","GFR"
"0.54884084","GFR"
"0.584094678","GFR"
"0.627607896","GFR"
"0.099186869","GFR"
"0.201548882","GFR"
"0.496790665","GFR"
"0.304953223","GFR"
"0.385947283","GFR"
"0.374764132","GFR"
"0.446169475","GFR"
"0.474432847","GFR"
"0.427832402","GFR"
"0.436641091","GFR"
"0.475698759","GFR"
"0.786000617","GFR"
"0.758133369","GFR"
"0.913554569","GFR"
"0.045595654","GFR"
"0.708359114","GFR"
"0.976864389","GFR"
"0.059787918","GFR"
"0.174418755","GFR"
"0.227090646","GFR"
"0.312298948","GFR"
"0.264411271","GFR"
"0.409528592","GFR"
"0.443576268","GFR"
"0.249919523","GFR"
"0.079305966","GFR"
"0.400058198","GFR"
"0.448226456","GFR"
"0.055337708","GFR"
"0.773686684","GFR"
"1.011992347","GFR"
"0.751184479","GFR"
"0.864589357","GFR"
"0.821402513","GFR"
"0.892054518","GFR"
"0.268245797","GFR"
"0.424454959","GFR"
"0.478202763","GFR"
"0.530118827","GFR"
"0.561645708","GFR"
"0.268237796","GFR"
"0.42438075","GFR"
"0.478151556","GFR"
"0.530051897","GFR"
"0.561606766","GFR"
"0.384657713","Normal"
"0.571133489","Normal"
"0.685398022","Normal"
"0.742820702","Normal"
"0.991193318","Normal"
"1.041455698","Normal"
"0.97839724","Normal"
"1.18238193","Normal"
"1.419709531","Normal"
"0.710936722","PFR"
"0.955511445","PFR"
"0.450040733","PFR"
"0.481735243","PFR"
"0.271779959","Normal"
"0.382004492","Normal"
"0.35273411","Normal"
"0.299170869","Normal"
"0.559172931","Normal"
"0.629443778","Normal"
"0.099235441","Normal"
"0.17623218","Normal"
"0.599791611","PFR"
"0.560857253","PFR"
"0.602175402","PFR"
"0.571257363","PFR"
"0.566616983","PFR"
"0.568939865","PFR"
"0.57614509","PFR"
"0.557231997","PFR"
"0.566733256","PFR"
"0.632960547","PFR"
"0.62047599","PFR"
"0.679029299","PFR"
"0.415221283","PFR"
"0.377630309","PFR"
"0.424883194","PFR"
"0.193614215","PFR"
"0.182935242","PFR"
"0.175236975","PFR"
"0.821625505","Normal"
"0.963395201","Normal"
"0.884321366","Normal"
"0.721004135","Normal"
"0.926523908","Normal"
"0.917432936","Normal"
"0.688217014","Normal"
"0.466595249","Normal"
"0.377029829","Normal"
"0.51228844","Normal"
"0.192020308","Normal"
"0.250942377","Normal"
"0.357592422","PFR"
"0.490529249","PFR"
"0.332341779","PFR"
"0.453806975","PFR"
"0.554678041","Normal"
"0.405464564","Normal"
"0.460216262","Normal"
"0.426680167","Normal"
"0.546545543","Normal"
"0.580854385","Normal"
"0.640780856","Normal"
"0.8147539","Normal"
"0.454254729","Normal"
"0.612019774","Normal"
"0.565450197","Normal"
"0.618214856","Normal"
"0.693148533","Normal"
"0.738041526","Normal"
"0.583949057","Normal"
"0.405464564","Normal"
"0.516007771","Normal"
"0.521299118","Normal"
"0.580029785","Normal"
"0.592377641","Normal"
"0.754970649","Normal"
"0.866810479","Normal"
"0.470003425","Normal"
"0.615533426","Normal"
"0.581918942","Normal"
"0.571010496","Normal"
"0.650809089","Normal"
"0.764519952","Normal"
"0.050870897","GFR"
"0.090903757","GFR"
"0.09230512","GFR"
"0.094837808","GFR"
"0.16144241","GFR"
"0.171498955","GFR"
"0.101666585","GFR"
"0.121071153","GFR"
"0.168610204","GFR"
"0.191688181","GFR"
"0.231559746","GFR"
"0.227185808","GFR"
"0.384078678","GFR"
"0.059384407","GFR"
"0.105184334","GFR"
"0.120463625","GFR"
"0.300667639","GFR"
"0.230325786","Normal"
"0.431230559","Normal"
"0.14447275","Normal"
"0.540534789","Normal"
"0.223953156","Normal"
"0.398698764","Normal"
"0.466967342","Normal"
"0.175417055","Normal"
"0.257373419","Normal"
"0.281674004","Normal"
"0.833418531","GFR"
"0.903527007","GFR"
"0.83775827","GFR"
"0.945909835","GFR"
"0.780240472","GFR"
"0.714130372","GFR"
"0.571450246","GFR"
"0.614871985","GFR"
"0.721862151","GFR"
"0.728229611","GFR"
"0.612184129","GFR"
"0.627418812","GFR"
"0.719779795","GFR"
"0.79346703","GFR"
"0.657766779","GFR"
"0.652643079","GFR"
"0.646340607","GFR"
"0.795026916","GFR"
"0.418688441","GFR"
"0.567564014","GFR"
"0.407477424","GFR"
"0.594665431","GFR"
"0.554548821","GFR"
"0.742853778","GFR"
"0.231329136","Normal"
"0.41907076","Normal"
"0.488664052","Normal"
"0.545822466","Normal"
"0.592342482","Normal"
"0.186877373","GFR"
"0.175448678","GFR"
"0.163887855","GFR"
"0.27388875","GFR"
"0.242140052","GFR"
"0.216671037","Normal"
"0.405465108","Normal"
"0.457833094","Normal"
"0.573345981","Normal"
"0.545694449","Normal"
"0.545694449","Normal"
"0.106380404","Normal"
"0.168622712","Normal"
"0.168622712","Normal"
"0.447014111","Normal"
"0.577634294","Normal"
"0.607787332","Normal"
"0.558056131","Normal"
"0.176930708","Normal"
"0.334934957","Normal"
"0.387381433","Normal"
"0.423227564","Normal"
"0.289358352","Normal"
"0.501385169","Normal"
"0.29277346","PFR"
"0.380207505","PFR"
"0.087313223","PFR"
"0.103035711","PFR"
"0.115281811","PFR"
"0.165521773","Normal"
"0.688118376","Normal"
"0.080621305","Normal"
"0.031483171","PFR"
"0.432452904","PFR"
"0.038008559","PFR"
"0.0922027","PFR"
"0.150898073","PFR"
"0.146001235","PFR"
"0.217589172","PFR"
"0.263546493","PFR"
"0.291520711","PFR"
"0.226938622","Normal"
"0.234485828","Normal"
"0.258261093","Normal"
"0.295491223","Normal"
"0.300663648","Normal"
"0.308372466","Normal"
"0.283608747","Normal"
"0.26714747","Normal"
"0.324593994","Normal"
"0.197537656","Normal"
"0.472439794","Normal"
"0.729168229","Normal"
"0.268572786","Normal"
"0.448036976","Normal"
"0.421930598","Normal"
"0.307006857","Normal"
"0.602797426","Normal"
"0.915666324","Normal"
"0.221808751","Normal"
"0.349441337","Normal"
"0.576599747","Normal"
"0.285505706","Normal"
"0.336472237","Normal"
"0.358776143","Normal"
"0.380596066","Normal"
"0.44333475","Normal"
"0.336471775","Normal"
"0.28051476","Normal"
"0.125162799","Normal"
"0.712692558","Normal"
"0.719123702","Normal"
"0.615916982","Normal"
"0.679543061","Normal"
"0.612178118","Normal"
"0.510825624","Normal"
"0.778304989","Normal"
"0.730887509","Normal"
"0.730887509","Normal"
"0.951558871","Normal"
"0.672944473","Normal"
"1.01523068","Normal"
"1.029619417","Normal"
"0.672944473","Normal"
"1.071583616","Normal"
"1.124929597","Normal"
"0.428995605","Normal"
"0.538996501","Normal"
"0.559615788","Normal"
"0.46536325","Normal"
"0.595983432","Normal"
"0.645744942","Normal"
"0.762140052","Normal"
"1.019362917","Normal"
"1.223775432","Normal"
"0.817444897","Normal"
"1.137078569","Normal"
"1.309921382","Normal"
"0.666478934","Normal"
"1.182695406","Normal"
"1.544197391","Normal"
"0.693147181","Normal"
"1.304056263","Normal"
"1.619909212","Normal"
"0.69314718","Normal"
"0.85105021","Normal"
"0.947381319","Normal"
"0.679901954","Normal"
"0.85105021","Normal"
"0.947381319","Normal"
"0.666478933","Normal"
"0.53680111","Normal"
"0.884202417","Normal"
"0.563094052","Normal"
"0.534923175","Normal"
"0.840304825","Normal"
"0.071095922","Normal"
"0.051293294","Normal"
"0.146603474","Normal"
"0.080852097","Normal"
"0.082691716","Normal"
"0.173663494","Normal"
"0.082691716","Normal"
"0.098440073","Normal"
"0.157628944","PFR"
"0.237671652","PFR"
"0.266109587","PFR"
"0.266109587","PFR"
"0.099529595","Normal"
"0.045462374","Normal"
"0.088947486","Normal"
"0.333144447","Normal"
"0.397682968","Normal"
"0.472906389","Normal"
"0.443492504","Normal"
"0.102947969","PFR"
"0.145507584","PFR"
"0.155870371","PFR"
"0.176279242","PFR"
"0.041964199","Normal"
"0.273293335","Normal"
"0.205852054","Normal"
"0.133531393","Normal"
"0.209720531","Normal"
"0.360002734","Normal"
"0.360002734","Normal"
"0.324496046","Normal"
"0.197168065","PFR"
"0.218002152","PFR"
"0.268263987","PFR"
"0.15415068","PFR"
"0.722705983","GFR"
"0.641853886","GFR"
"0.693147181","GFR"
"0.629968279","GFR"
"0.596816072","GFR"
"0.619039208","GFR"
"0.750305594","GFR"
"0.804372816","GFR"
"1.261131218","GFR"
"0.858226931","GFR"
"0.755278962","GFR"
"0.869037847","GFR"
"0.678332095","GFR"
"0.663294217","GFR"
"0.880358723","GFR"
"0.433635985","GFR"
"0.433635985","GFR"
"0.707331816","GFR"
"0.989412997","PFR"
"0.936769263","PFR"
"1.027153325","PFR"
"1.085708884","PFR"
"1.059391576","PFR"
"1.16074407","PFR"
"0.852211875","PFR"
"0.640037355","PFR"
"0.96343751","PFR"
"0.680243776","GFR"
"0.693147181","GFR"
"0.705886206","GFR"
"1.070441412","GFR"
"1.026638789","GFR"
"1.041453875","GFR"
"0.969400557","GFR"
"0.87924946","GFR"
"1.265666373","GFR"
"0.470003629","GFR"
"0.478892577","GFR"
"0.461034959","GFR"
"0.649087191","GFR"
"0.658055861","GFR"
"0.693147181","GFR"
"0.817709903","GFR"
"0.762140052","GFR"
"0.870353637","GFR"
"0.466595249","Normal"
"0.345919109","Normal"
"0.377029829","Normal"
"0.51228844","Normal"
"0.192020308","Normal"
"0.250942377","Normal"
"0.243940113","Normal"
"0.393094152","Normal"
"0.357592422","PFR"
"0.490529249","PFR"
"0.332341779","PFR"
"0.453806975","PFR"
"0.258986812","PFR"
"0.328241909","PFR"
"0.121125141","Normal"
"0.151890495","Normal"
"0.112951527","Normal"
"0.178692493","Normal"
"0.322580078","Normal"
"0.347530736","Normal"
"0.412532275","Normal"
"0.354545018","Normal"
"0.453917492","Normal"
"0.244196961","Normal"
"0.324239668","Normal"
"0.440311839","Normal"
"0.260726262","Normal"
"0.354545018","Normal"
"0.33950714","Normal"
"0.334639056","Normal"
"0.325422401","Normal"
"0.334639056","Normal"
"0.278020162","Normal"
"0.306730267","Normal"
"0.334639056","Normal"
"0.238411024","Normal"
"0.325422401","Normal"
"0.306730267","Normal"
"0.562526998","Normal"
"0.619039208","Normal"
"0.538996501","Normal"
"0.477627554","Normal"
"0.502628856","Normal"
"0.514898949","Normal"
"0.356674944","Normal"
"0.425667815","Normal"
"0.370859579","Normal"
"0.226786021","Normal"
"0.196737353","Normal"
"0.258664704","Normal"
"0.248850225","Normal"
"0.417516949","Normal"
"0.440043512","Normal"
"0.371436309","Normal"
"0.425631928","Normal"
"0.393774538","GFR"
"0.39940307","GFR"
"1.039542194","Normal"
"0.91368995","Normal"
"0.203463186","PFR"
"0.244452632","PFR"
"0.302947704","PFR"
"0.332801266","PFR"
"0.272175409","PFR"
"0.196027921","PFR"
"0.268389029","PFR"
"0.270010985","PFR"
"0.261873671","PFR"
"0.220166631","PFR"
"0.197044889","PFR"
"0.251313554","PFR"
"0.271151846","PFR"
"0.283574766","PFR"
"0.217978026","PFR"
"0.100822384","Normal"
"0.250207085","Normal"
"0.229505193","Normal"
"0.272763673","Normal"
"0.112527458","Normal"
"0.249487726","Normal"
"0.057392798","PFR"
"0.126651238","PFR"
"0.190259959","PFR"
"0.223424806","PFR"
"0.265281136","PFR"
"0.11058876","PFR"
"0.187014827","PFR"
"0.275001203","PFR"
"0.229574442","PFR"
"0.271933715","PFR"
"0.033132935","PFR"
"0.110665568","PFR"
"0.234427169","PFR"
"0.256619481","PFR"
"0.311336263","PFR"
"0.086822395","PFR"
"0.229923238","PFR"
"0.353495291","PFR"
"0.358260987","PFR"
"0.398639143","PFR"
"0.388935806","Normal"
"0.484245986","Normal"
"0.514098949","Normal"
"0.523855124","Normal"
"0.334202088","Normal"
"0.451985124","Normal"
"0.510825624","Normal"
"0.510825624","Normal"
"0.90613747","Normal"
"1.081633733","Normal"
"1.095239058","Normal"
"0.766171468","Normal"
"0.938269475","Normal"
"1.166930503","Normal"
"0.502728613","Normal"
"1.049018789","Normal"
"1.020357404","Normal"
"0.554996887","Normal"
"0.969682898","Normal"
"1.040506297","Normal"
"0.730357918","Normal"
"0.964191564","Normal"
"1.048360238","Normal"
"0.594935131","Normal"
"1.034550104","Normal"
"1.081227026","Normal"
"0.043824012","Normal"
"0.06722779","Normal"
"0.102242095","Normal"
"0.031589436","Normal"
"0.074701976","Normal"
"0.260443917","GFR"
"0.245609886","GFR"
"0.287423635","GFR"
"0.255523649","GFR"
"0.222574426","GFR"
"0.300829016","PFR"
"0.545985693","PFR"
"0.513952077","PFR"
"0.50901194","PFR"
"0.535353616","PFR"
"0.734096364","PFR"
"0.863346225","PFR"
"0.898590049","PFR"
"0.908926397","PFR"
"0.91779795","PFR"
"0.209018748","Normal"
"0.337880856","Normal"
"0.469394758","Normal"
"0.496273367","Normal"
"0.472184519","Normal"
"0.203308169","Normal"
"0.345063536","Normal"
"0.466753808","Normal"
"0.474202359","Normal"
"0.467086906","Normal"
"0.136357383","PFR"
"0.175341384","PFR"
"0.243969111","PFR"
"0.190803093","PFR"
"0.191538795","PFR"
"0.639882312","PFR"
"0.917126039","PFR"
"1.048161724","PFR"
"1.024065304","PFR"
"0.969076882","PFR"
"0.383825273","PFR"
"0.683932607","PFR"
"0.746732398","PFR"
"0.724754901","PFR"
"0.724754901","PFR"
"0.538781572","GFR"
"0.666656599","GFR"
"0.707603881","GFR"
"1.087946562","GFR"
"1.30750968","GFR"
"1.332312502","GFR"
"1.277318536","GFR"
"1.289135428","GFR"
"1.319367331","GFR"
"1.043353289","Normal"
"1.441213469","Normal"
"1.556448906","Normal"
"1.493269609","Normal"
"1.563228132","Normal"
"0.980831318","Normal"
"1.579362475","Normal"
"1.631418615","Normal"
"1.631418615","Normal"
"1.631418615","Normal"
"1.340625222","Normal"
"0.980831799","Normal"
"1.480228428","Normal"
"1.603361971","Normal"
"1.650989639","Normal"
"1.118029107","Normal"
"1.415280015","Normal"
"1.393618285","Normal"
"1.415280015","Normal"
"1.457244653","Normal"
"1.174117086","Normal"
"1.371476915","Normal"
"1.450370673","Normal"
"1.415280015","Normal"
"1.341171797","Normal"
"0.768047167","Normal"
"0.778302522","Normal"
"0.82806511","Normal"
"0.681972661","Normal"
"0.367724021","Normal"
"0.362907102","Normal"
"0.271935477","Normal"
"0.405465108","Normal"
"0.535518236","Normal"
"0.419259951","Normal"
"1.351666676","Normal"
"0.989200383","Normal"
"0.581786241","Normal"
"0.41812389","Normal"
"0.435633003","Normal"
"0.542210592","Normal"
"0.605531907","Normal"
"0.631254888","Normal"
"0.677410435","Normal"
"0.640233069","Normal"
"0.465260206","Normal"
"0.370586107","Normal"
"0.714350276","GFR"
"0.611897817","GFR"
"0.575701622","PFR"
"0.413403234","PFR"
"0.378070078","GFR"
"0.39215786","GFR"
"0.257921118","GFR"
"0.372868434","GFR"
"0.21841699","GFR"
"0.227904999","GFR"
"0.595709863","GFR"
"0.586902422","GFR"
"0.043296806","Normal"
"0.286485471","Normal"
"0.29284095","Normal"
"0.088264111","Normal"
"0.283428669","Normal"
"0.222087399","Normal"
"0.057457503","Normal"
"0.112029025","Normal"
"0.148371304","Normal"
"0.658779537","GFR"
"0.856425956","GFR"
"1.043042437","GFR"
"1.138352618","GFR"
"1.101984974","GFR"
"0.518274448","GFR"
"0.818859925","GFR"
"0.943942263","GFR"
"0.998200854","GFR"
"0.986653381","GFR"
"0.570544452","GFR"
"0.302282114","GFR"
"1.110307913","GFR"
"1.048607099","Normal"
"0.833263388","Normal"
"0.140245698","PFR"
"0.100876996","PFR"
"0.179558966","PFR"
"0.240901694","PFR"
"0.232592816","PFR"
"0.392178182","PFR"
"0.411949957","PFR"
"0.373226979","PFR"
"0.331834435","PFR"
"0.543242189","PFR"
"0.590030016","PFR"
"0.562887727","PFR"
"0.254022513","PFR"
"0.428606161","PFR"
"0.456750464","PFR"
"0.419976501","PFR"
"0.209596013","PFR"
"0.382789612","PFR"
"0.483670397","PFR"
"0.445168374","PFR"
"0.14022938","PFR"
"0.203840671","PFR"
"0.263610524","PFR"
"0.167549519","PFR"
"0.178430663","PFR"
"0.288921548","PFR"
"0.407104668","PFR"
"0.350449926","PFR"
"0.318528242","PFR"
"0.532622412","PFR"
"0.551118269","PFR"
"0.486584145","PFR"
"0.132029272","PFR"
"0.220836468","PFR"
"0.239797173","PFR"
"0.285356135","PFR"
"0.302049964","PFR"
"0.455713894","PFR"
"0.552693342","PFR"
"0.466683602","PFR"
"0.083149692","PFR"
"0.23120298","PFR"
"0.189042513","PFR"
"0.129912497","PFR"
"0.23120298","PFR"
"0.310540278","PFR"
"0.258353755","PFR"
"0.372160901","PFR"
"0.256719119","PFR"
"0.363964979","PFR"
"0.437466836","PFR"
"0.425585603","PFR"
"0.271658829","PFR"
"0.297747036","PFR"
"0.34796637","PFR"
"0.310540278","PFR"
"0.289232654","PFR"
"0.419852967","PFR"
"0.407532585","PFR"
"0.419852967","PFR"
"0.144490202","PFR"
"0.113428163","PFR"
"0.187476518","PFR"
"0.229022264","PFR"
"0.21419388","PFR"
"0.378858852","PFR"
"0.342622262","PFR"
"0.478140236","PFR"
"0.061694677","PFR"
"0.33675787","PFR"
"0.347749744","PFR"
"0.347171323","PFR"
"0.254268118","PFR"
"0.278501315","PFR"
"0.325696582","PFR"
"0.277433926","PFR"
"0.446100536","PFR"
"0.61796342","PFR"
"0.764540554","PFR"
"0.705243637","PFR"
"0.259340788","GFR"
"0.465096887","GFR"
"0.483839904","GFR"
"0.484273965","GFR"
"0.32617488","GFR"
"0.398017182","GFR"
"0.415438229","GFR"
"0.579599312","GFR"
"0.264508872","GFR"
"0.448622941","GFR"
"0.529492589","GFR"
"0.625731817","GFR"
"0.519649728","GFR"
"0.837463921","GFR"
"0.830172559","GFR"
"0.799636755","GFR"
"0.225160749","GFR"
"0.357061187","GFR"
"0.549095125","GFR"
"0.264411987","GFR"
"0.368590295","GFR"
"0.43235371","GFR"
"0.47245194","GFR"
"0.199123544","GFR"
"0.456585477","GFR"
"0.355106136","GFR"
"0.579136322","GFR"
"0.143078358","GFR"
"0.346780785","GFR"
"0.494428397","GFR"
"0.426680889","GFR"
"0.47516013","GFR"
"0.668451527","GFR"
"0.767126746","GFR"
"0.781182765","GFR"
"0.102998305","GFR"
"0.231504216","GFR"
"0.345382205","GFR"
"0.321586369","GFR"
"0.388016933","GFR"
"0.437821806","GFR"
"0.636820256","GFR"
"0.484679214","GFR"
"0.41967345","GFR"
"0.597011005","GFR"
"0.557593197","GFR"
"0.652102461","GFR"
"0.31567778","GFR"
"0.52931267","GFR"
"0.446841716","GFR"
"0.554499604","GFR"
"0.668029472","GFR"
"0.914885777","GFR"
"0.97013625","GFR"
"1.072453774","GFR"
"0.243649621","GFR"
"0.370281495","GFR"
"0.640258177","GFR"
"0.438495517","GFR"
"0.392636841","GFR"
"0.553592097","GFR"
"0.498476678","GFR"
"0.486581211","GFR"
"0.571905901","GFR"
"0.750701345","GFR"
"0.777340082","GFR"
"0.785744111","GFR"
"0.303466629","GFR"
"0.570024925","GFR"
"0.500403811","GFR"
"0.61030962","GFR"
"0.416055234","GFR"
"0.815071632","GFR"
"0.832861323","GFR"
"0.910221013","GFR"
"0.513134608","GFR"
"0.78364549","GFR"
"0.742908885","GFR"
"0.840498375","GFR"
"0.225224718","PFR"
"0.335355542","PFR"
"0.18741534","GFR"
"0.294621726","GFR"
"0.240172252","PFR"
"0.341603489","PFR"
"0.513354531","GFR"
"0.74854533","GFR"
"0.795338375","GFR"
"0.845487574","GFR"
"0.823508245","GFR"
"0.499398332","GFR"
"0.753773263","GFR"
"0.864998222","GFR"
"0.897942237","GFR"
"0.952012387","GFR"
"0.289633956","PFR"
"0.485508609","PFR"
"0.446287515","PFR"
"0.568502393","PFR"
"0.559614315","PFR"
"0.554997981","PFR"
"0.665897852","PFR"
"0.800119849","PFR"
"0.892352932","PFR"
"0.770705662","PFR"
"0.508649469","Normal"
"0.584156839","Normal"
"0.602175629","Normal"
"0.642997833","Normal"
"0.619875481","Normal"
"0.470004177","Normal"
"0.536494063","Normal"
"0.542324648","Normal"
"0.570979522","Normal"
"0.536494063","Normal"
"0.161844695","GFR"
"0.449525507","GFR"
"0.414434255","GFR"
"0.359375622","GFR"
"0.28090426","GFR"
"0.327685663","GFR"
"0.640777607","GFR"
"0.790309603","GFR"
"0.839982322","GFR"
"0.891492946","GFR"
"0.215480461","PFR"
"0.470717305","PFR"
"0.53644653","PFR"
"0.716721534","PFR"
"0.765820531","PFR"
"0.343918677","PFR"
"0.487207388","PFR"
"0.582634879","PFR"
"0.694150299","PFR"
"0.769624069","PFR"
"0.612994991","PFR"
"0.805403543","PFR"
"0.8957123","PFR"
"1.013259137","PFR"
"1.004694351","PFR"
"0.698567993","PFR"
"0.916294672","PFR"
"1.061710724","PFR"
"1.140306267","PFR"
"1.105830921","PFR"
"0.533135845","PFR"
"0.736405876","PFR"
"0.836349345","PFR"
"1.003807144","PFR"
"1.074958465","PFR"
"0.653926556","PFR"
"0.805102888","PFR"
"1.006272171","PFR"
"1.058861305","PFR"
"1.102708429","PFR"
"0.168396759","PFR"
"0.395223796","PFR"
"0.657587814","PFR"
"0.654186673","PFR"
"0.677747217","PFR"
"0.101175227","PFR"
"0.393563499","PFR"
"0.455017292","PFR"
"0.659172035","PFR"
"0.700423614","PFR"
"0.549894814","PFR"
"0.74524041","PFR"
"0.875452687","PFR"
"0.974114491","PFR"
"0.987462913","PFR"
"0.675930313","PFR"
"0.862654796","PFR"
"0.979019708","PFR"
"1.036508294","PFR"
"1.104115641","PFR"
"0.250416711","GFR"
"0.245695055","GFR"
"0.245695055","GFR"
"0.28059702","GFR"
"0.140331191","GFR"
"0.310083814","GFR"
"0.305262238","GFR"
"0.258325036","GFR"
"0.123744859","GFR"
"0.305231712","GFR"
"0.368921882","GFR"
"0.386398703","GFR"
"0.45622302","PFR"
"0.593449569","PFR"
"0.833223838","PFR"
"0.874252707","PFR"
"0.123232406","Normal"
"0.111569707","Normal"
"0.124877359","Normal"
"0.186008679","Normal"
"0.103839821","Normal"
"0.090046383","Normal"
"0.123405191","Normal"
"0.144293068","Normal"
"0.128223792","Normal"
"0.119590355","Normal"
"0.128835691","Normal"
"0.194747634","Normal"
"0.110750748","Normal"
"0.086259939","Normal"
"0.122714989","Normal"
"0.133162601","Normal"
"0.143758294","PFR"
"0.135174261","PFR"
"0.11252553","PFR"
"0.17692765","PFR"
"0.112347627","PFR"
"0.101388939","PFR"
"0.119417655","PFR"
"0.132423847","PFR"
"0.063573419","PFR"
"0.362649595","PFR"
"0.360596954","PFR"
"0.346203826","PFR"
"0.185065012","PFR"
"0.380741995","PFR"
"0.295889962","PFR"
"0.364337897","PFR"
"0.14541628","PFR"
"0.374257967","PFR"
"0.252279713","PFR"
"0.2776314","PFR"
"0.205733321","PFR"
"0.176381472","PFR"
"0.248206942","PFR"
"0.3783552","PFR"
"0.549216242","PFR"
"0.534418992","PFR"
"0.517539735","PFR"
"0.543547071","PFR"
"0.5970998","PFR"
"1.011600912","Normal"
"1.220502106","Normal"
"1.252762968","Normal"
"1.170071253","Normal"
"1.228665417","Normal"
"0.750259604","Normal"
"0.791613122","Normal"
"0.787855132","Normal"
"0.784838539","Normal"
"0.794609379","Normal"
"0.774208218","Normal"
"1.458082305","Normal"
"1.474815412","Normal"
"1.45095215","Normal"
"1.519229202","Normal"
"1.486105155","Normal"
"1.50322886","Normal"
"0.226773319","Normal"
"0.174716957","Normal"
"0.529694108","PFR"
"0.557345639","PFR"
"0.372675285","PFR"
"0.444967551","PFR"
"0.415721608","PFR"
"0.77652879","PFR"
"0.815749502","PFR"
"0.830348302","GFR"
"0.522189382","GFR"
"0.578077851","GFR"
"0.589468751","GFR"
"0.0572424","Normal"
"0.091198863","Normal"
"0.089339385","Normal"
"0.098584824","Normal"
"0.072473679","Normal"
"0.2174323","PFR"
"0.263523263","PFR"
"0.363460641","PFR"
"0.416383043","PFR"
"0.477095474","PFR"
"0.201616382","Normal"
"0.232489074","Normal"
"0.291514292","Normal"
"0.367761207","Normal"
"0.477139302","Normal"
"0.276910618","PFR"
"0.32277299","PFR"
"0.427444014","Normal"
"0.307484699","Normal"
"0.355340721","Normal"
"0.409899705","Normal"
"0.409899705","Normal"
"0.355340721","Normal"
"0.21511138","Normal"
"0.257222865","Normal"
"0.270810571","Normal"
"0.340501963","Normal"
"0.377405944","Normal"
"0.376486333","Normal"
"0.455968607","Normal"
"0.32180983","Normal"
"0.362964577","GFR"
"0.611363814","GFR"
"0.762243586","GFR"
"0.83339013","GFR"
"0.879795093","GFR"
"0.853766617","GFR"
"0.170106465","PFR"
"0.693147181","PFR"
"0.775734185","PFR"
"0.88535347","PFR"
"0.419854031","PFR"
"0.780521004","PFR"
"1.038892257","PFR"
"1.092797374","PFR"
"0.345919109","Normal"
"0.466595249","Normal"
"0.243940113","Normal"
"0.393094152","Normal"
"0.192020308","Normal"
"0.250942377","Normal"
"0.377029829","Normal"
"0.51228844","Normal"
"0.258986812","PFR"
"0.328241909","PFR"
"0.332341779","PFR"
"0.453806975","PFR"
"0.357592422","PFR"
"0.490529249","PFR"
"0.132952245","Normal"
"0.146701053","Normal"
"0.068563891","Normal"
"0.164687821","Normal"
"0.034563028","Normal"
"0.153189863","Normal"
"0.264826492","Normal"
"0.203496104","Normal"
"0.204824566","Normal"
"0.216843365","Normal"
"0.233086126","Normal"
"0.288554645","Normal"
"0.236064255","Normal"
"0.151671663","Normal"
"1.640220815","Normal"
"1.579781703","Normal"
"0.029924435","GFR"
"0.411585739","GFR"
"0.543380815","GFR"
"0.354189956","GFR"
"0.447776306","GFR"
"0.444683916","GFR"
"0.616986922","GFR"
"0.725938422","GFR"
"0.776263641","GFR"
"0.763912474","GFR"
"0.40088907","GFR"
"0.553724872","GFR"
"0.644016487","GFR"
"0.7657869","GFR"
"0.746496379","GFR"
"0.451550413","GFR"
"0.723153747","GFR"
"0.780406853","GFR"
"0.886552473","GFR"
"0.949073586","GFR"
"0.233673917","PFR"
"0.475298301","PFR"
"0.566105386","PFR"
"0.565527348","PFR"
"0.473361339","PFR"
"0.484393357","GFR"
"0.502089198","GFR"
"0.510823993","GFR"
"0.569910985","GFR"
"0.586173588","GFR"
"0.292986593","Normal"
"0.453920338","Normal"
"0.500131416","Normal"
"0.550455653","Normal"
"0.519296554","Normal"
"0.311459316","Normal"
"0.407836934","Normal"
"0.395914826","Normal"
"0.139424357","Normal"
"0.160388638","Normal"
"0.136392038","Normal"
"0.197844716","Normal"
"0.2580123","Normal"
"0.264133372","Normal"
"0.380580216","Normal"
"0.440224482","Normal"
"0.401863159","Normal"
"0.339729019","Normal"
"0.394556728","Normal"
"0.379629637","Normal"
"0.280267176","Normal"
"0.333160905","Normal"
"0.286286198","Normal"
"0.251568755","Normal"
"0.299341522","Normal"
"0.256007166","Normal"
"0.184173704","Normal"
"0.16721024","Normal"
"0.123496977","Normal"
"0.124352029","Normal"
"0.174522035","Normal"
"0.165585675","Normal"
"0.310949623","Normal"
"0.416893974","Normal"
"0.472156282","Normal"
"0.250910321","Normal"
"0.354001613","Normal"
"0.39161587","Normal"
"0.244885818","Normal"
"0.261778826","Normal"
"0.290669827","Normal"
"0.71709776","Normal"
"0.807937914","Normal"
"0.799593252","Normal"
"0.40600605","Normal"
"0.465913086","Normal"
"0.510951098","Normal"
"0.156198098","Normal"
"0.247505069","Normal"
"0.282938908","Normal"
"0.291281356","Normal"
"0.516567474","Normal"
"0.583242296","Normal"
"0.374743008","Normal"
"0.470190043","Normal"
"0.530403675","Normal"
"0.327954362","Normal"
"0.393997646","Normal"
"0.447824907","Normal"
"0.236388778","PFR"
"0.360002734","PFR"
"0.29951653","PFR"
"0.441832752","PFR"
"0.364643114","GFR"
"0.494696242","GFR"
"0.436427334","GFR"
"0.573002869","GFR"
"0.192504051","PFR"
"0.377561435","PFR"
"0.601875197","PFR"
"0.749096152","PFR"
"0.820687707","PFR"
"0.844388852","PFR"
"0.822654628","PFR"
"0.104180479","PFR"
"0.271178187","PFR"
"0.517795988","PFR"
"0.69497552","PFR"
"0.792368516","PFR"
"0.809528484","PFR"
"0.809347472","PFR"
"0.1123858","Normal"
"0.25668269","Normal"
"0.49806236","Normal"
"0.59667445","Normal"
"0.757033165","Normal"
"0.760537087","Normal"
"0.698646016","Normal"
"0.128447598","Normal"
"0.406383683","Normal"
"0.505929846","Normal"
"0.695311045","Normal"
"0.84165546","Normal"
"0.804828755","Normal"
"0.762192565","Normal"
"0.110852813","PFR"
"0.138655653","PFR"
"0.06927953","PFR"
"0.110852813","PFR"
"0.158267456","PFR"
"0.077841574","PFR"
"0.101391066","PFR"
"0.044969358","PFR"
"0.111317357","PFR"
"0.173542316","PFR"
"0.104489309","GFR"
"0.109697975","GFR"
"0.056348629","GFR"
"0.107962353","GFR"
"0.184730897","GFR"
"0.129086687","GFR"
"0.151978916","GFR"
"0.085408505","GFR"
"0.136188132","GFR"
"0.179445416","GFR"
"0.082805904","GFR"
"0.30196803","GFR"
"0.291272741","GFR"
"0.029675768","GFR"
"0.029675768","GFR"
"0.278713402","PFR"
"0.30538165","PFR"
"0.289466194","PFR"
"0.123323216","PFR"
"0.171850257","PFR"
"0.066489741","PFR"
"0.441183191","GFR"
"0.597837001","GFR"
"0.597837001","GFR"
"0.345158502","GFR"
"0.36124464","GFR"
"0.418107502","GFR"
"0.128081788","GFR"
"0.241605614","GFR"
"0.256133715","GFR"
"0.137783702","GFR"
"0.157392174","GFR"
"0.190808171","GFR"
"0.563935449","GFR"
"1.416147324","GFR"
"0.424582198","GFR"
"0.944983121","GFR"
"1.011458634","GFR"
"1.017134018","GFR"
"1.114360646","GFR"
"1.223266007","GFR"
"1.36772474","GFR"
"1.491005315","GFR"
"0.385841837","GFR"
"0.702631213","GFR"
"0.969980256","GFR"
"0.857654043","GFR"
"0.4214017","Normal"
"0.774116243","Normal"
"1.068028865","Normal"
"0.866897977","Normal"
"0.554715777","Normal"
"0.40846704","Normal"
"0.467943527","Normal"
"0.368770431","Normal"
"0.71650295","PFR"
"0.535781394","PFR"
"0.525739132","PFR"
"0.451165228","PFR"
"1.512063748","GFR"
"0.223143552","Normal"
"0.223143552","Normal"
"0.318453732","Normal"
"0.263965546","Normal"
"0.271933715","Normal"
"0.387765531","Normal"
"0.53680111","Normal"
"0.589247586","Normal"
"0.481451015","Normal"
"0.56710646","Normal"
"0.204483128","Normal"
"0.296050322","Normal"
"0.320742935","Normal"
"0.169636397","Normal"
"0.283471539","Normal"
"0.552068582","Normal"
"0.736072226","Normal"
"0.760969777","Normal"
"0.629777567","Normal"
"0.736072226","Normal"
"0.294239473","Normal"
"0.456758403","Normal"
"0.505548567","Normal"
"0.360614542","Normal"
"0.448390153","Normal"
"0.116533816","Normal"
"0.273537566","Normal"
"0.290487124","Normal"
"0.193494857","Normal"
"0.238751449","Normal"
"0.096014653","Normal"
"0.103032226","Normal"
"0.123794217","Normal"
"0.123794217","Normal"
"0.116921338","Normal"
"0.113023388","Normal"
"0.193653122","Normal"
"0.221432686","Normal"
"0.113023388","Normal"
"0.200670695","Normal"
"0.448390153","Normal"
"0.596520345","Normal"
"0.589247586","Normal"
"0.63211129","Normal"
"0.659699246","Normal"
"0.204794413","Normal"
"0.258861634","Normal"
"0.284837121","Normal"
"0.250051004","Normal"
"0.250051004","Normal"
"0.342944751","GFR"
"0.435318071","GFR"
"0.483174092","GFR"
"0.405465108","GFR"
"0.464305608","GFR"
"0.414943852","GFR"
"0.563689113","GFR"
"0.603535022","GFR"
"0.513678693","GFR"
"0.587786665","GFR"
"0.122961711","GFR"
"0.122961711","GFR"
"0.13119221","GFR"
"0.09785579","GFR"
"0.122961711","GFR"
"0.155564108","Normal"
"0.188900528","Normal"
"0.197063839","Normal"
"0.665996191","Normal"
"0.794929875","Normal"
"0.864997438","Normal"
"0.778669354","Normal"
"0.826678573","Normal"
"0.169292057","Normal"
"0.225083416","Normal"
"0.263110812","Normal"
"0.201552919","Normal"
"0.232805462","Normal"
"0.391671786","Normal"
"0.561570823","Normal"
"0.614815338","Normal"
"0.561570823","Normal"
"0.584737882","Normal"
"0.065957968","PFR"
"0.097374164","PFR"
"0.097374164","PFR"
"0.087011377","PFR"
"0.076540077","PFR"
"0.640503447","PFR"
"0.869037847","PFR"
"0.825074724","PFR"
"0.79078565","PFR"
"0.836248024","PFR"
"0.097638469","PFR"
"0.143100843","PFR"
"0.16507975","PFR"
"0.05001042","PFR"
"0.120627988","PFR"
"0.11905936","PFR"
"0.129211732","PFR"
"0.129211732","PFR"
"0.066691375","PFR"
"0.077386664","PFR"
"0.032789823","GFR"
"0.056695343","GFR"
"0.056695343","GFR"
"0.032789823","GFR"
"0.214775302","GFR"
"0.247836164","GFR"
"0.287682072","GFR"
"0.263965546","GFR"
"0.263965546","GFR"
"0.400622484","GFR"
"0.510825623","GFR"
"0.53657812","GFR"
"0.43872233","GFR"
"0.528067431","GFR"
"0.180670029","GFR"
"0.260076806","GFR"
"0.267681406","GFR"
"0.236909747","GFR"
"0.267681406","GFR"
"0.065063593","GFR"
"0.07290677","GFR"
"0.080688911","GFR"
"0.159064695","GFR"
"0.173663494","GFR"
"0.27029033","GFR"
"0.230016431","GFR"
"0.230016431","GFR"
"0.122217632","GFR"
"0.139761942","GFR"
"0.173953307","GFR"
"0.131028262","GFR"
"0.157003749","GFR"
"0.074107972","GFR"
"0.09531018","GFR"
"0.102278849","GFR"
"0.074107972","GFR"
"0.088292607","GFR"
"0.370018359","GFR"
"0.548897571","GFR"
"0.548897571","GFR"
"0.468136215","GFR"
"0.495787746","GFR"
"0.07713544","PFR"
"0.090150584","PFR"
"0.074114056","PFR"
"0.066563455","PFR"
"0.160778782","PFR"
"0.088952884","PFR"
"0.356194967","PFR"
"0.203725818","PFR"
"0.118341348","PFR"
"0.081973278","PFR"
"0.187788189","PFR"
"0.119348678","PFR"
"0.127836849","PFR"
"0.079414667","PFR"
"0.146008111","PFR"
"0.142225684","PFR"
"0.189196502","PFR"
"0.197716314","PFR"
"0.252463238","PFR"
"0.28060589","PFR"
"0.323314259","PFR"
"0.287914147","PFR"
"0.349292431","PFR"
"0.175063882","PFR"
"0.146214025","PFR"
"0.145897291","PFR"
"0.08656675","PFR"
"0.112451603","PFR"
"0.158880674","PFR"
"0.098726129","PFR"
"0.080108427","PFR"
"0.123068695","PFR"
"0.116522478","Normal"
"0.202524264","Normal"
"0.211740919","Normal"
"0.238891908","Normal"
"0.120095175","Normal"
"0.210564769","Normal"
"0.263965546","Normal"
"0.331624194","Normal"
"1.195239124","PFR"
"1.479626301","PFR"
"0.162954754","GFR"
"0.287931138","GFR"
"0.343069292","GFR"
"0.387071377","GFR"
"0.337752487","GFR"
"0.363593826","PFR"
"0.475626226","PFR"
"0.523499495","PFR"
"0.561795053","PFR"
"0.505153459","PFR"
"0.59046271","PFR"
"0.740610004","PFR"
"0.793306307","PFR"
"0.826246156","PFR"
"0.780197505","PFR"
"0.472604411","Normal"
"0.792238083","Normal"
"0.743919506","Normal"
"0.693147181","Normal"
"0.782759339","Normal"
"0.820146871","Normal"
"0.801627824","Normal"
"0.128381167","Normal"
"0.46313075","Normal"
"0.314710745","Normal"
"0.372979653","Normal"
"0.391671786","Normal"
"0.445739007","Normal"
"0.436928377","Normal"
"0.210146379","Normal"
"0.464604851","Normal"
"0.476526169","Normal"
"0.544609739","Normal"
"0.499691176","Normal"
"0.177935862","Normal"
"0.266296404","Normal"
"0.40888758","Normal"
"0.424297902","Normal"
"0.487569177","Normal"
"0.225995119","PFR"
"0.276367087","PFR"
"0.414454537","PFR"
"0.565462065","PFR"
"0.716723607","PFR"
"0.387451983","PFR"
"0.540848159","PFR"
"0.549692443","PFR"
"0.734084682","PFR"
"0.806505679","PFR"
"0.368276788","Normal"
"0.553249803","Normal"
"0.739539614","Normal"
"0.764479283","Normal"
"0.99622024","Normal"
"0.368056692","Normal"
"0.629705697","Normal"
"0.696348017","Normal"
"0.543992521","Normal"
"0.701833147","Normal"
"0.735813003","Normal"
"0.554918126","PFR"
"0.684465879","PFR"
"0.674206492","PFR"
"0.217823254","PFR"
"0.422623156","PFR"
"0.531803758","PFR"
"0.507966033","Normal"
"0.581525884","Normal"
"0.669454847","Normal"
"0.470304426","PFR"
"0.439767703","PFR"
"0.40104299","PFR"
"0.306457769","PFR"
"0.459148883","GFR"
"0.479325292","GFR"
"0.398154371","GFR"
"0.433847933","GFR"
"0.208495453","Normal"
"0.213539253","Normal"
"0.312982185","Normal"
"0.28935112","Normal"
"0.13045083","Normal"
"0.260638702","Normal"
"0.236539358","Normal"
"0.172658103","Normal"
"0.154771813","PFR"
"0.161721243","PFR"
"0.233902903","PFR"
"0.20143077","PFR"
"0.129266994","PFR"
"0.273601644","PFR"
"0.223021963","PFR"
"0.172479292","PFR"
"0.047160951","Normal"
"0.076537101","Normal"
"0.099945587","Normal"
"0.150164218","Normal"
"0.215522374","Normal"
"0.205267246","Normal"
"0.54340019","PFR"
"0.793449051","PFR"
"1.099307071","PFR"
"1.114881778","PFR"
"1.049029484","PFR"
"0.489281894","GFR"
"0.793391441","GFR"
"1.01395189","GFR"
"1.114741671","GFR"
"1.026935572","GFR"
"0.061243625","Normal"
"0.080852097","Normal"
"0.061243625","Normal"
"0.109562203","Normal"
"0.064538521","Normal"
"0.218689201","Normal"
"0.236388778","Normal"
"0.173019164","Normal"
"0.356674944","PFR"
"0.356674944","PFR"
"0.346624608","PFR"
"0.405465108","PFR"
"0.108480643","PFR"
"0.108480643","PFR"
"0.060624622","PFR"
"0.050772325","PFR"
"0.883190783","PFR"
"0.760588461","PFR"
"0.873528873","PFR"
"0.833919734","PFR"
"0.680877088","Normal"
"0.775064303","Normal"
"0.74077523","Normal"
"0.563094052","Normal"
"0.579202921","Normal"
"0.561811178","Normal"
"0.47957308","Normal"
"0.489051824","Normal"
"0.405465108","Normal"
"0.441832752","Normal"
"0.301475395","Normal"
"0.46536325","Normal"
"0.241162057","GFR"
"0.390197636","GFR"
"0.38247559","GFR"
"0.350976923","GFR"
"0.807557532","Normal"
"0.954928525","Normal"
"0.986494991","Normal"
"0.906486732","GFR"
"0.884069853","GFR"
"0.904020639","GFR"
"0.900407686","Normal"
"0.877990807","Normal"
"0.897941593","Normal"
"0.888713964","GFR"
"0.911479175","GFR"
"0.838112951","GFR"
"0.693147181","Normal"
"0.747751315","Normal"
"0.813195223","Normal"
"0.912200747","Normal"
"0.867500568","Normal"
"0.901211625","Normal"
"0.427937964","Normal"
"0.50855031","Normal"
"0.626586414","Normal"
"0.539943022","Normal"
"0.553101107","Normal"
"0.526609491","Normal"
"0.755845775","Normal"
"0.75952225","Normal"
"0.754002456","Normal"
"0.802177425","Normal"
"0.733969175","Normal"
"0.793347346","Normal"
"0.743874704","Normal"
"0.851812541","Normal"
"0.836248024","Normal"
"0.860499372","Normal"
"0.889580582","Normal"
"0.889580582","Normal"
"1.197703191","Normal"
"1.216395324","Normal"
"1.207092932","Normal"
"0.674026139","GFR"
"0.762644975","GFR"
"0.814291564","GFR"
"0.759329087","Normal"
"0.793230639","Normal"
"0.759329087","Normal"
"0.114750256","PFR"
"0.370623333","PFR"
"0.18859117","PFR"
"0.289253165","PFR"
"0.103184236","Normal"
"0.151040257","Normal"
"0.248896047","Normal"
"0.257334916","Normal"
"0.248896047","Normal"
"0.196710294","Normal"
"0.130620182","Normal"
"0.290584832","Normal"
"0.281851152","Normal"
"0.357837059","Normal"
"0.281851152","Normal"
"0.299242895","Normal"
"0.125769387","Normal"
"0.337943907","Normal"
"0.337943907","Normal"
"0.323128821","Normal"
"0.292823472","Normal"
"0.345269947","Normal"
"0.3305638","Normal"
"0.228841572","Normal"
"0.386233746","Normal"
"0.538996501","Normal"
"0.587786665","Normal"
"0.641853886","Normal"
"0.346624608","Normal"
"0.626702081","Normal"
"0.253602759","Normal"
"0.300486345","Normal"
"0.352542707","Normal"
"0.3305638","Normal"
"0.359762955","Normal"
"0.352542707","Normal"
"0.308090944","Normal"
"0.184003643","Normal"
"0.310154928","Normal"
"0.332133835","Normal"
"0.339354083","Normal"
"0.360707207","Normal"
"0.30271995","Normal"
"0.360707207","Normal"
"0.18610228","Normal"
"0.310154928","Normal"
"0.435318071","Normal"
"0.442644111","Normal"
"0.427937964","Normal"
"0.301786679","Normal"
"0.390197636","Normal"
"0.442644111","Normal"
"0.471423076","Normal"
"0.259957524","Normal"
"0.405465108","Normal"
"0.513945751","Normal"
"0.628608659","Normal"
"0.738956717","Normal"
"0.46608973","Normal"
"0.568504735","Normal"
"0.669430654","Normal"
"0.77559085","Normal"
"0.270645885","PFR"
"0.359374001","PFR"
"0.63040884","PFR"
"0.658779537","PFR"
"0.699881213","PFR"
"0.491725452","PFR"
"0.601209685","PFR"
"0.651761964","PFR"
"0.658779537","PFR"
"0.275705881","PFR"
"0.421213465","PFR"
"0.47198579","PFR"
"0.644357016","PFR"
"0.708895538","PFR"
"0.566395475","PFR"
"0.716677678","PFR"
"0.724399724","PFR"
"0.739667196","PFR"
"0.151806013","Normal"
"0.616513955","Normal"
"0.709407701","Normal"
"0.523855124","Normal"
"0.56195497","Normal"
"0.634058264","Normal"
"0.7411564","Normal"
"0.709407701","Normal"
"0.7411564","Normal"
"0.424157241","Normal"
"0.411734721","Normal"
"0.674098986","Normal"
"0.540567593","Normal"
"0.841892442","Normal"
"0.644828603","Normal"
"0.693147181","Normal"
"0.849989652","Normal"
"0.757095905","Normal"
"0.94875277","Normal"
"0.913868837","Normal"
"0.702036128","Normal"
"0.528525201","Normal"
"0.634878273","PFR"
"1.046987923","PFR"
"0.971350509","PFR"
"0.405465108","PFR"
"0.766172315","PFR"
"0.744819191","PFR"
"0.63953773","GFR"
"0.78495473","GFR"
"0.900786545","GFR"
"0.99633344","GFR"
"1.084626047","GFR"
"1.203972804","GFR"
"0.494696242","GFR"
"0.565313809","GFR"
"0.518793794","GFR"
"0.578077851","GFR"
"0.602175402","GFR"
"0.553385238","GFR"
"0.331357136","GFR"
"0.393488917","GFR"
"0.428995605","GFR"
"0.344096162","GFR"
"0.417299566","GFR"
"0.440556428","GFR"
"0.497402603","Normal"
"0.768048489","Normal"
"0.875468737","Normal"
"0.579818495","Normal"
"0.704981638","Normal"
"0.887303195","Normal"
"0.088809615","Normal"
"0.129473494","Normal"
"0.177630947","Normal"
"0.08979727","Normal"
"0.138916435","Normal"
"0.183940117","Normal"
"0.244934629","Normal"
"0.12185441","Normal"
"0.220981388","Normal"
"0.249993662","Normal"
"0.307992765","Normal"
"0.238999894","Normal"
"0.138859056","PFR"
"0.199671195","PFR"
"0.258883055","PFR"
"0.189620859","PFR"
"0.2135741","PFR"
"0.244644561","PFR"
"0.314784002","PFR"
"0.252263645","PFR"
"0.263584521","PFR"
"0.297704935","PFR"
"0.366879114","PFR"
"0.298611143","PFR"
"0.058655781","Normal"
"0.175013","Normal"
"0.19447067","Normal"
"0.065151352","Normal"
"0.302941572","Normal"
"0.465374127","Normal"
"0.578020809","Normal"
"0.661911341","Normal"
"0.654403435","Normal"
"0.479821675","Normal"
"0.667167653","Normal"
"0.746955737","Normal"
"0.726966829","Normal"
"0.667797872","Normal"
"0.297070718","GFR"
"0.268098545","GFR"
"0.400688465","GFR"
"0.378304802","GFR"
"0.129509959","GFR"
"0.442827777","Normal"
"0.184706116","Normal"
"0.49578583","Normal"
"0.313130327","Normal"
"0.685305129","GFR"
"0.962102402","GFR"
"1.082866202","GFR"
"1.082866202","GFR"
"0.494871921","Normal"
"0.68592694","Normal"
"0.742280799","Normal"
"0.693147181","Normal"
"0.7191245","Normal"
"1.016375552","Normal"
"1.044546391","Normal"
"1.116005264","Normal"
"0.681630199","Normal"
"0.825241811","Normal"
"0.848387622","Normal"
"0.905548632","Normal"
"0.453475817","GFR"
"0.729369009","GFR"
"0.756661686","GFR"
"0.794401974","GFR"
"0.622050826","Normal"
"0.874926499","Normal"
"0.985721791","Normal"
"1.005044629","Normal"
"0.983836339","Normal"
"1.186960787","Normal"
"1.118493062","Normal"
"1.254479462","Normal"
"0.892349617","GFR"
"1.150977764","GFR"
"1.245051735","GFR"
"1.269516049","GFR"
"0.568443833","Normal"
"0.766270293","Normal"
"0.849262426","Normal"
"0.878338423","Normal"
"0.386121619","Normal"
"0.666940212","Normal"
"0.743577172","Normal"
"0.857103705","Normal"
"1.028769324","Normal"
"1.401068614","Normal"
"1.477264585","Normal"
"1.485384107","Normal"
"0.614677024","Normal"
"1.076352439","Normal"
"1.177205889","Normal"
"1.222664937","Normal"
"0.619039339","GFR"
"0.800289351","GFR"
"0.829275795","GFR"
"0.829275795","GFR"
"0.952009316","GFR"
"1.116635901","GFR"
"1.107666848","GFR"
"1.143061979","GFR"
"0.614945852","GFR"
"0.82943953","GFR"
"0.802041138","GFR"
"0.896628938","GFR"
"0.644830019","Normal"
"1.09230855","Normal"
"1.150693572","Normal"
"1.203033419","Normal"
"0.099568014","Normal"
"0.066347229","Normal"
"0.066347229","Normal"
"0.062959758","Normal"
"0.282084329","Normal"
"0.328144204","Normal"
"0.337744746","Normal"
"0.311938708","Normal"
"0.285639464","Normal"
"0.382060806","Normal"
"0.401375321","Normal"
"0.409539012","Normal"
"0.302997023","GFR"
"0.306034956","GFR"
"0.327020474","GFR"
"0.347582951","GFR"
"0.45161495","Normal"
"0.547398112","Normal"
"0.568257264","Normal"
"0.58868376","Normal"
"0.282437173","Normal"
"0.358344078","Normal"
"0.392831955","Normal"
"0.415177691","Normal"
"0.307483556","GFR"
"0.353473489","GFR"
"0.405465871","GFR"
"0.452351553","GFR"
"0.361447538","Normal"
"0.453724119","Normal"
"0.563030419","Normal"
"0.532600615","Normal"
"0.45100755","Normal"
"0.748065403","Normal"
"0.816887","Normal"
"0.876813262","Normal"
"0.589037424","Normal"
"0.726483574","Normal"
"0.782277478","Normal"
"0.810303621","Normal"
"0.459531242","Normal"
"0.717839367","Normal"
"0.728624197","Normal"
"0.762879671","Normal"
"0.378865513","GFR"
"0.471480955","GFR"
"0.493353992","GFR"
"0.514752094","GFR"
"0.349814354","GFR"
"0.476922471","GFR"
"0.521027846","GFR"
"0.419613213","GFR"
"0.314768323","GFR"
"0.403536193","GFR"
"0.485062757","GFR"
"0.50270039","GFR"
"0.293267813","Normal"
"0.456460388","Normal"
"0.456460388","Normal"
"0.514410224","Normal"
"0.430782916","GFR"
"0.422414666","GFR"
"0.306730267","GFR"
"0.287682072","GFR"
"0.306730267","GFR"
"0.287682072","GFR"
"0.25841169","GFR"
"1.665007764","GFR"
"1.658228077","GFR"
"1.609437912","GFR"
"1.527607894","GFR"
"1.511982576","GFR"
"0.139355581","PFR"
"0.110488614","PFR"
"0.16344963","PFR"
"0.097977221","PFR"
"0.075511198","PFR"
"0.170820728","PFR"
"0.112041848","PFR"
"0.102783905","PFR"
"0.187464897","PFR"
"0.15028339","PFR"
"0.126752718","PFR"
"0.17780399","PFR"
"0.039058231","PFR"
"0.069217731","PFR"
"0.039265923","PFR"
"0.175849241","PFR"
"0.202762724","PFR"
"0.166509227","PFR"
"0.241485156","PFR"
"0.390605994","PFR"
"0.557506528","PFR"
"0.579228351","PFR"
"0.310433829","PFR"
"0.404069434","PFR"
"0.360294605","PFR"
"0.494825282","Normal"
"0.671755991","Normal"
"0.677146839","Normal"
"1.057112558","Normal"
"1.307513483","PFR"
"0.241162057","GFR"
"0.405465108","GFR"
"0.546543706","GFR"
"0.186585956","GFR"
"0.228258652","GFR"
"0.05001042","GFR"
"0.394654192","GFR"
"0.626455806","GFR"
"0.709147522","GFR"
"0.200670695","GFR"
"0.328504067","GFR"
"0.200670695","GFR"
"1.215022641","GFR"
"1.319283651","GFR"
"1.413693335","GFR"
"1.236762627","GFR"
"1.203972804","GFR"
"0.432864082","GFR"
"0.476924072","GFR"
"0.476924072","GFR"
"0.432864082","GFR"
"0.377294231","GFR"
"1.163150809","GFR"
"1.172039757","GFR"
"1.232143681","GFR"
"1.288839025","GFR"
"1.223775432","GFR"
"0.44285264","GFR"
"0.487703206","GFR"
"0.395895657","GFR"
"0.326215737","GFR"
"0.386233746","GFR"
"0.418043891","GFR"
"0.535826926","GFR"
"0.466834054","GFR"
"0.450833713","GFR"
"0.466834054","GFR"
"0.495077267","GFR"
"0.513945751","GFR"
"0.541597282","GFR"
"0.577315365","GFR"
"0.568504735","GFR"
"0.405465108","GFR"
"0.466619532","GFR"
"0.432133355","GFR"
"0.449525097","GFR"
"0.440867035","GFR"
"0.287682073","GFR"
"0.259511196","GFR"
"0.417735201","GFR"
"0.393042588","GFR"
"0.341749294","GFR"
"0.794929875","GFR"
"1.200394983","GFR"
"1.15643186","GFR"
"1.331234584","GFR"
"1.32175584","GFR"
"0.329753286","GFR"
"0.405465108","GFR"
"0.436236767","GFR"
"0.405465108","GFR"
"0.513945751","GFR"
"0.128847543","Normal"
"0.155484903","Normal"
"0.227140892","Normal"
"0.205031801","Normal"
"0.313780825","Normal"
"0.31026176","Normal"
"0.207888338","Normal"
"0.485814235","Normal"
"0.349477792","Normal"
"0.258999146","Normal"
"0.208478878","Normal"
"0.221125839","Normal"
"0.264613984","Normal"
"0.172324303","Normal"
"0.217723484","Normal"
"0.081579987","PFR"
"0.165848905","PFR"
"0.240155912","PFR"
"0.228370913","PFR"
"0.255152268","PFR"
"0.297708653","PFR"
"0.706298778","PFR"
"0.647720731","PFR"
"0.563706057","PFR"
"0.14457412","GFR"
"0.194659461","GFR"
"0.110564761","GFR"
"0.24919026","GFR"
"0.18888274","GFR"
"0.283768173","GFR"
"0.239363495","GFR"
"0.086277896","GFR"
"0.374655524","GFR"
"0.300643821","GFR"
"0.053757576","GFR"
"0.279430994","GFR"
"0.076168766","GFR"
"0.135611981","GFR"
"0.289277578","GFR"
"0.203116517","GFR"
"0.596118019","GFR"
"0.649906306","GFR"
"0.750938962","GFR"
"0.717712438","GFR"
"0.304305925","GFR"
"0.594599369","GFR"
"0.603970519","GFR"
"0.534057624","GFR"
"0.332602841","GFR"
"0.488185681","GFR"
"0.641816443","GFR"
"0.52392419","GFR"
"0.51762354","GFR"
"0.456809305","GFR"
"0.748231955","GFR"
"0.754116091","GFR"
"0.063573993","GFR"
"0.157987839","GFR"
"0.325085035","GFR"
"0.480572784","GFR"
"0.301877772","PFR"
"0.06323813","PFR"
"0.132148772","PFR"
"0.265426508","PFR"
"0.272597174","PFR"
"0.214336174","PFR"
"0.264054393","PFR"
"0.237786916","PFR"
"0.272231308","PFR"
"0.245444317","PFR"
"0.285471494","PFR"
"0.233812791","PFR"
"0.593713237","Normal"
"0.588256093","Normal"
"0.548691704","Normal"
"0.542750517","Normal"
"0.533519808","Normal"
"0.951722821","Normal"
"0.988993569","Normal"
"1.267846538","Normal"
"1.642913274","Normal"
"0.759944193","Normal"
"0.630515439","Normal"
"0.146842737","PFR"
"1.093077683","PFR"
"1.134233214","PFR"
"0.561899282","PFR"
"0.598561226","PFR"
"0.674058584","GFR"
"0.621299096","GFR"
"0.957448804","GFR"
"0.970491189","GFR"
"0.886744588","GFR"
"0.927618732","GFR"
"0.61645456","PFR"
"0.847297861","PFR"
"1.08358571","PFR"
"0.761761192","GFR"
"0.973701639","GFR"
"1.100504436","GFR"
"0.756326082","GFR"
"1.168570877","GFR"
"1.233953636","GFR"
"0.569487537","GFR"
"1.085799067","GFR"
"1.309645772","GFR"
"0.201326698","PFR"
"0.236010576","PFR"
"0.077554451","PFR"
"0.135539066","PFR"
"0.2135741","Normal"
"0.251314428","Normal"
"0.188052232","Normal"
"0.206920716","Normal"
"0.252590752","Normal"
"0.06701071","GFR"
"0.076227365","GFR"
"0.138469674","GFR"
"0.964816926","PFR"
"1.320228958","PFR"
"1.454132345","PFR"
"1.10733547","PFR"
"1.462549599","PFR"
"1.620556475","PFR"
"0.833291011","PFR"
"1.172507539","PFR"
"1.310481363","PFR"
"1.050459679","PFR"
"1.427114115","PFR"
"1.575534429","PFR"
"0.95551331","GFR"
"1.149908411","GFR"
"1.24824401","GFR"
"1.167948169","GFR"
"1.401564282","GFR"
"1.502368474","GFR"
"1.042061883","GFR"
"1.247079814","GFR"
"1.318126067","GFR"
"1.202515937","GFR"
"1.44168929","GFR"
"1.529952093","GFR"
"0.332812952","GFR"
"0.455336938","GFR"
"0.34897492","GFR"
"0.468413382","GFR"
"0.497173535","GFR"
"0.449671201","GFR"
"0.549634899","GFR"
"0.426629919","GFR"
"1.011114649","GFR"
"0.610796146","GFR"
"0.4630626","GFR"
"1.136108601","GFR"
"0.098917787","GFR"
"0.223754985","GFR"
"0.152839204","GFR"
"0.200328874","GFR"
"0.075985907","GFR"
"0.820183422","GFR"
"0.396125481","GFR"
"1.053798273","GFR"
"0.76705221","GFR"
"0.162234798","GFR"
"1.09100769","GFR"
"0.21918042","Normal"
"0.407968238","Normal"
"0.239738826","Normal"
"0.320123133","Normal"
"0.188896499","Normal"
"0.204657991","Normal"
"0.200937497","Normal"
"0.266840863","Normal"
"0.669012687","Normal"
"0.845182479","Normal"
"0.169716334","PFR"
"0.186646851","PFR"
"0.203295493","PFR"
"0.308301388","PFR"
"0.397496326","PFR"
"0.359444944","PFR"
"0.192186042","Normal"
"0.368871023","Normal"
"0.379100855","Normal"
"0.265827522","Normal"
"0.343428593","Normal"
"0.343428593","Normal"
"0.302986534","Normal"
"0.376920354","Normal"
"0.392391629","Normal"
"0.393473711","PFR"
"0.458757058","PFR"
"0.500252465","PFR"
"0.29313625","PFR"
"0.453501544","PFR"
"0.480795815","PFR"
"0.59468208","PFR"
"0.376153046","PFR"
"0.396553175","GFR"
"0.423009018","GFR"
"0.443928787","GFR"
"0.339383848","GFR"
"0.414278813","GFR"
"0.407216575","GFR"
"0.472088622","GFR"
"0.38581498","GFR"
"0.200314674","GFR"
"0.203970568","GFR"
"0.286772695","GFR"
"0.125722349","GFR"
"0.171823445","GFR"
"0.159847254","GFR"
"0.234490041","GFR"
"0.097368912","GFR"
"0.764099113","Normal"
"0.782200948","Normal"
"0.598228509","Normal"
"0.761614927","Normal"
"0.033336725","PFR"
"0.057630362","PFR"
"1.001760906","PFR"
"1.080666977","PFR"
"0.213990084","Normal"
"0.350572207","Normal"
"0.114478772","PFR"
"0.229930751","PFR"
"0.359242874","PFR"
"0.429496474","PFR"
"0.478623999","PFR"
"0.130094678","PFR"
"0.276690598","PFR"
"0.376726211","PFR"
"0.376726211","PFR"
"0.240336981","GFR"
"0.368177474","GFR"
"0.428958749","GFR"
"0.484026424","GFR"
"0.172330924","GFR"
"0.256713088","GFR"
"0.332215602","GFR"
"0.327966577","GFR"
"0.214409871","GFR"
"0.419853846","GFR"
"0.61400986","GFR"
"0.292987125","GFR"
"0.604199695","GFR"
"0.544301553","GFR"
"0.619039208","GFR"
"0.750966751","GFR"
"0.877450899","GFR"
"0.243374036","Normal"
"0.029674348","GFR"
"0.233721771","Normal"
"0.357526562","Normal"
"0.282944454","GFR"
"0.542882173","GFR"
"0.365351648","PFR"
"0.471323539","PFR"
"0.618227296","PFR"
"0.599552852","PFR"
"0.265249514","PFR"
"0.448878249","PFR"
"0.506035142","PFR"
"0.534435162","PFR"
"0.093225927","PFR"
"0.240129685","PFR"
"0.221455241","PFR"
"0.414896242","PFR"
"0.594823921","PFR"
"0.734102721","PFR"
"0.748445284","PFR"
"0.338212945","GFR"
"0.572964794","GFR"
"0.771447295","GFR"
"0.812862025","GFR"
"0.142241633","Normal"
"0.208676681","Normal"
"0.25539977","Normal"
"0.276573101","Normal"
"0.365993583","PFR"
"0.535242729","PFR"
"0.660795106","PFR"
"0.691273375","PFR"
"0.537391418","Normal"
"0.632266967","Normal"
"0.638088482","Normal"
"0.687638387","Normal"
"0.377294623","PFR"
"0.451400917","PFR"
"0.597353892","PFR"
"0.546711911","PFR"
"0.941915669","Normal"
"1.167435298","Normal"
"1.275406093","Normal"
"1.331376969","Normal"
"0.79728744","GFR"
"0.269476108","PFR"
"0.52702031","PFR"
"0.197063839","PFR"
"0.275228611","PFR"
"0.282719283","PFR"
"0.149035579","Normal"
"0.251314428","Normal"
"0.186775907","Normal"
"0.284178094","PFR"
"0.437099073","PFR"
"0.414543258","PFR"
"0.284388125","PFR"
"0.438233302","PFR"
"0.431920483","PFR"
"0.28697446","PFR"
"0.430162691","PFR"
"0.409306003","PFR"
"0.313241432","PFR"
"0.490382999","PFR"
"0.467490016","PFR"
"0.233072405","GFR"
"0.246724494","GFR"
"0.25851907","GFR"
"0.31390782","GFR"
"0.088478729","GFR"
"0.063987709","GFR"
"0.202671096","GFR"
"0.266151496","GFR"
"0.499551547","GFR"
"0.382788399","GFR"
"0.49135478","GFR"
"0.674083197","GFR"
"0.719080562","GFR"
"0.728634775","GFR"
"0.731799335","GFR"
"0.648026745","GFR"
"0.708598132","GFR"
"0.725490425","GFR"
"0.703474295","GFR"
"0.307194887","GFR"
"0.459013658","GFR"
"0.378841239","GFR"
"0.447271839","GFR"
"0.138564983","PFR"
"0.335520825","PFR"
"0.374557274","PFR"
"0.296730247","PFR"
"0.293864914","PFR"
"0.363236343","PFR"
"0.200311896","GFR"
"0.22824056","GFR"
"0.276847505","GFR"
"0.162727478","PFR"
"0.122840521","PFR"
"0.362388445","PFR"
"0.295464213","GFR"
"0.446287103","GFR"
"0.418710335","PFR"
"0.760805829","PFR"
"0.091937377","PFR"
"0.293223029","PFR"
"0.254375302","PFR"
"0.265013782","PFR"
"0.256591231","PFR"
"0.312871867","PFR"
"0.184922018","PFR"
"0.080804038","PFR"
"0.077159004","PFR"
"0.08191936","PFR"
"0.188400927","PFR"
"0.050714783","PFR"
"0.10420392","PFR"
"0.603666366","GFR"
"0.461199028","GFR"
"0.666684118","GFR"
"0.714554861","GFR"
"0.154151618","PFR"
"0.394827672","PFR"
"0.467022158","PFR"
"0.212722326","PFR"
"0.325833152","PFR"
"0.325202354","Normal"
"0.759944193","Normal"
"0.146842737","PFR"
"0.191843052","Normal"
"0.630515439","Normal"
"0.051315052","PFR"
"0.529269635","PFR"
"1.093077683","PFR"
"0.164313369","PFR"
"0.561899282","PFR"
"0.554704036","PFR"
"1.134233214","PFR"
"0.154121108","PFR"
"0.598561226","PFR"
"0.089210289","GFR"
"0.120177514","GFR"
"0.227032842","PFR"
"0.209815003","PFR"
"0.073563235","Normal"
"0.180271757","GFR"
"0.254431671","GFR"
"0.47198579","Normal"
"0.491594262","Normal"
"0.584253092","Normal"
"0.324496046","Normal"
"0.470003629","Normal"
"0.530628251","Normal"
"0.237328186","Normal"
"0.292136423","Normal"
"0.381367557","Normal"
"0.349184272","Normal"
"0.410427897","Normal"
"0.486655263","Normal"
"0.399985643","Normal"
"0.474093614","Normal"
"0.56195497","Normal"
"0.219362829","Normal"
"0.399155939","Normal"
"0.424157241","Normal"
"0.76664843","Normal"
"0.593983407","Normal"
"0.924053791","Normal"
"0.664746729","Normal"
"0.848320871","Normal"
"0.896422844","Normal"
"0.963693483","Normal"
"0.510826129","PFR"
"0.834797648","Normal"
"1.025853185","Normal"
"0.939862505","PFR"
"1.477265774","PFR"
"1.48807597","Normal"
"1.126587118","Normal"
"1.103166879","Normal"
"1.227231356","Normal"
"0.995429159","Normal"
"0.987946966","PFR"
"0.69733893","Normal"
"0.952825739","Normal"
"0.595056951","PFR"
"0.908625263","Normal"
"0.171148256","PFR"
"0.875468737","Normal"
"0.305592999","PFR"
"0.493814278","PFR"
"0.401440958","PFR"
"0.587340336","PFR"
"0.503952745","PFR"
"0.719064124","PFR"
"0.674713479","PFR"
"0.827534371","PFR"
"0.499447267","PFR"
"0.612419932","PFR"
"0.694059173","PFR"
"0.69769885","PFR"
"0.450745813","PFR"
"0.880225797","PFR"
"1.002393431","PFR"
"0.812442847","PFR"
"0.464165542","PFR"
"0.809840298","PFR"
"0.744501748","PFR"
"0.776577808","PFR"
"0.549938293","PFR"
"0.969884748","PFR"
"1.07108326","PFR"
"1.009555921","PFR"
"1.047850485","PFR"
"1.03824016","PFR"
"0.983099402","PFR"
"1.090498654","PFR"
"1.248875351","PFR"
"1.356216906","PFR"
"1.280933845","PFR"
"1.43684664","PFR"
"0.471137059","GFR"
"0.425425851","GFR"
"0.407479207","GFR"
"0.421465449","GFR"
"0.599003182","PFR"
"0.626194234","PFR"
"0.60539298","PFR"
"0.536854964","PFR"
"0.682648396","GFR"
"0.642952636","GFR"
"0.574057809","GFR"
"0.691187036","GFR"
"0.112477983","PFR"
"0.170133972","PFR"
"0.185865812","PFR"
"0.269663567","PFR"
"0.093995255","PFR"
"0.186474114","PFR"
"0.229170034","PFR"
"0.273121921","PFR"
"0.138195016","GFR"
"0.154941819","GFR"
"0.188764285","GFR"
"0.160855497","GFR"
"0.142407191","GFR"
"0.092198495","GFR"
"0.08266813","GFR"
"0.153938388","GFR"
"0.15143107","PFR"
"0.194081457","PFR"
"0.237988458","PFR"
"0.124939454","PFR"
"0.22030667","PFR"
"0.148468846","PFR"
"0.172595469","PFR"
"0.194988862","PFR"
"0.070951882","GFR"
"0.099091306","GFR"
"0.115601846","GFR"
"0.058310421","GFR"
"0.142226716","GFR"
"0.170239827","GFR"
"0.04668929","GFR"
"0.154693746","GFR"
"0.170942316","GFR"
"0.035050381","GFR"
"0.040774298","GFR"
"0.046465638","GFR"
"0.071357654","GFR"
"0.131495446","GFR"
"0.336050383","GFR"
"0.051227262","GFR"
"0.087996213","GFR"
"0.09399483","GFR"
"0.091137272","GFR"
"0.158502977","GFR"
"0.169301855","GFR"
"0.100259829","GFR"
"0.116955352","GFR"
"0.170673299","GFR"
"0.360614542","Normal"
"0.431440595","Normal"
"0.505548567","Normal"
"0.497580397","Normal"
"0.390866309","Normal"
"0.545016989","Normal"
"0.6257059","Normal"
"0.641090819","Normal"
"0.041233593","Normal"
"0.042326139","Normal"
"0.214222188","Normal"
"0.285735284","Normal"
"0.411356566","Normal"
"0.4446445","Normal"
"0.051607597","PFR"
"0.172609933","PFR"
"0.071662117","PFR"
"0.23747492","PFR"
"0.493969386","PFR"
"0.469548565","PFR"
"0.202895515","PFR"
"0.216590552","PFR"
"0.227275506","PFR"
"0.044451686","PFR"
"0.147635759","PFR"
"0.186101982","PFR"
"0.07825316","PFR"
"0.140772011","PFR"
"0.199618511","PFR"
"0.173274181","PFR"
"0.052646642","PFR"
"0.045462294","PFR"
"0.045462294","PFR"
"0.110000709","PFR"
"0.09531018","PFR"
"0.131029613","PFR"
"0.198854646","PFR"
"0.065378795","PFR"
"0.090385873","PFR"
"0.126752498","PFR"
"0.45418559","PFR"
"0.672299231","PFR"
"0.677931034","PFR"
"0.660395402","PFR"
"0.479774998","PFR"
"0.672231252","PFR"
"0.69173261","PFR"
"0.686054234","PFR"
"0.970602721","GFR"
"1.022813363","GFR"
"0.692177718","GFR"
"0.870287379","GFR"
"0.30561554","PFR"
"0.142381008","PFR"
"0.363319487","PFR"
"0.874484001","GFR"
"0.806546167","GFR"
"1.249100477","GFR"
"1.354164589","GFR"
"0.364118588","GFR"
"0.689951439","GFR"
"0.756505133","GFR"
"0.772719363","GFR"
"0.678108829","Normal"
"0.741700601","Normal"
"0.948598399","Normal"
"0.707174816","PFR"
"0.885307706","PFR"
"1.032440131","PFR"
"1.274139162","Normal"
"1.46200074","Normal"
"1.542172556","Normal"
"1.199695693","Normal"
"1.589366466","Normal"
"1.573295046","Normal"
"0.435202061","PFR"
"0.418688711","PFR"
"0.740720592","PFR"
"0.733388823","PFR"
"0.425394693","PFR"
"0.37864467","PFR"
"0.480843244","PFR"
"0.470337203","PFR"
"0.877578958","GFR"
"0.908289734","GFR"
"0.956291694","GFR"
"0.944566916","GFR"
"0.953373362","GFR"
"0.988369332","GFR"
"1.040837113","GFR"
"1.016723874","GFR"
"0.976610957","GFR"
"1.010126574","GFR"
"1.03074448","GFR"
"1.039615591","GFR"
"0.928566751","PFR"
"0.96033145","PFR"
"1.009939142","PFR"
"0.997844405","PFR"
"1.006925445","PFR"
"1.043060565","PFR"
"1.070312969","PFR"
"1.056849977","PFR"
"1.040460006","PFR"
"1.065496634","PFR"
"1.086730262","PFR"
"1.097666905","PFR"
"0.156463253","PFR"
"0.261499081","PFR"
"0.170473773","PFR"
"0.314583711","PFR"
"0.299931239","PFR"
"0.405584116","PFR"
"0.467645664","PFR"
"0.467645664","PFR"
"0.611583971","PFR"
"0.696839789","PFR"
"0.857088013","PFR"
"0.853155834","PFR"
"0.43971263","PFR"
"0.548352669","PFR"
"0.644269307","PFR"
"0.578772363","PFR"
"0.586781778","PFR"
"0.622767032","PFR"
"0.751465607","PFR"
"0.605450797","PFR"
"0.233135105","Normal"
"0.143008132","Normal"
"0.361887637","Normal"
"0.206679297","Normal"
"0.194762428","Normal"
"0.548883436","Normal"
"0.151272635","Normal"
"0.194065806","PFR"
"0.262403584","PFR"
"0.324830605","PFR"
"0.31106892","PFR"
"0.256817895","PFR"
"0.377291127","PFR"
"0.474015997","PFR"
"0.550117381","PFR"
"0.52001935","PFR"
"0.45668596","PFR"
"0.081962188","Normal"
"0.377174417","Normal"
"0.596459571","Normal"
"0.092337191","Normal"
"0.376278844","Normal"
"0.665961443","Normal"
"0.069917281","Normal"
"0.308853039","Normal"
"0.651374425","Normal"
"0.370655138","GFR"
"0.600502944","GFR"
"0.204718802","GFR"
"0.590747185","GFR"
"0.875031196","GFR"
"0.071792075","GFR"
"0.317428466","GFR"
"0.766270592","GFR"
"0.561684041","PFR"
"0.519483687","PFR"
"0.602175402","PFR"
"0.56991454","PFR"
"0.171850257","GFR"
"0.753771802","GFR"
"0.577315365","GFR"
"0.810930216","GFR"
"1.162422117","PFR"
"1.288654641","PFR"
"1.428973623","PFR"
"1.252763937","PFR"
"1.364788598","PFR"
"1.4679734","PFR"
"1.172720066","PFR"
"1.274501945","PFR"
"1.421717466","PFR"
"0.31275571","Normal"
"0.31275571","Normal"
"0.307025035","Normal"
"0.435318071","Normal"
"0.435318071","Normal"
"0.435318071","Normal"
"0.43349242","Normal"
"0.510825624","Normal"
"0.482521848","Normal"
"0.439544422","Normal"
"0.470003629","Normal"
"0.484892242","Normal"
"0.31918074","Normal"
"0.31918074","Normal"
"0.330741562","Normal"
"0.376629558","Normal"
"0.387211668","Normal"
"0.387211668","Normal"
"0.456237433","Normal"
"0.456237433","Normal"
"0.451274644","Normal"
"0.436717652","Normal"
"0.538996501","Normal"
"0.538996501","Normal"
"0.442408623","Normal"
"0.492924413","Normal"
"0.497838428","Normal"
"1.128088736","GFR"
"1.215445667","GFR"
"1.184554956","GFR"
"0.548255284","GFR"
"0.600623648","GFR"
"0.509894677","GFR"
"0.454179079","GFR"
"0.496227009","GFR"
"0.484392469","GFR"
"0.780898833","GFR"
"0.846452271","GFR"
"0.905578509","GFR"
"1.200819758","GFR"
"1.28049945","GFR"
"1.321235164","GFR"
"1.390134299","GFR"
"0.205014938","PFR"
"0.308406103","PFR"
"0.319261109","PFR"
"0.230206373","PFR"
"0.300161576","PFR"
"0.314064203","PFR"
"0.073778581","PFR"
"0.180276743","PFR"
"0.27651746","PFR"
"0.094170488","PFR"
"0.151010734","PFR"
"0.120912409","PFR"
"0.243563716","PFR"
"0.291196906","PFR"
"0.267663654","PFR"
"0.192017042","PFR"
"0.178556481","PFR"
"0.164912259","PFR"
"0.19174574","GFR"
"0.17495338","PFR"
"1.10897926","GFR"
"1.646149865","GFR"
"1.610855478","GFR"
"1.618427247","GFR"
"0.745552578","GFR"
"1.200286115","GFR"
"1.254462797","GFR"
"1.251092913","GFR"
"0.706058338","GFR"
"1.135800572","GFR"
"1.255875695","GFR"
"1.256662294","GFR"
"1.108101969","Normal"
"1.659468475","Normal"
"1.610737038","Normal"
"1.634484064","Normal"
"0.780165296","Normal"
"1.221254045","Normal"
"1.281638282","Normal"
"1.27089472","Normal"
"0.699378782","Normal"
"1.128922821","Normal"
"1.242749876","Normal"
"1.259529964","Normal"
"0.226037909","Normal"
"0.511353949","Normal"
"0.452741625","PFR"
"0.457739042","PFR"
"0.520870384","PFR"
"0.536351774","PFR"
"0.456824632","PFR"
"0.465861512","PFR"
"0.561511054","PFR"
"0.556807493","PFR"
"0.47830498","PFR"
"0.692290532","PFR"
"0.233787075","PFR"
"0.547371453","PFR"
"0.688529331","PFR"
"0.776392567","PFR"
"0.199906462","PFR"
"0.304349125","PFR"
"0.31564868","PFR"
"0.10757413","PFR"
"0.200166917","PFR"
"0.278638533","PFR"
"0.216744132","PFR"
"0.263950536","PFR"
"0.240625864","PFR"
"0.114325233","PFR"
"0.103183745","PFR"
"0.094745403","PFR"
"0.122606175","PFR"
"0.189027379","PFR"
"0.103183745","PFR"
"0.696854305","GFR"
"0.76197623","GFR"
"0.839851754","GFR"
"0.771888333","GFR"
"0.832436713","GFR"
"0.795779904","GFR"
"0.379851616","Normal"
"0.400856486","Normal"
"0.224521156","Normal"
"0.28076115","Normal"
"0.577634591","Normal"
"0.500775152","Normal"
"0.371563092","Normal"
"0.478489927","Normal"
"0.298762259","Normal"
"0.319212775","Normal"
"0.201176122","Normal"
"0.275772433","Normal"
"0.478269345","Normal"
"0.513945968","Normal"
"0.478269345","Normal"
"0.41840184","Normal"
"0.547055923","Normal"
"0.617545997","Normal"
"0.501070451","Normal"
"0.530057863","Normal"
"0.982324688","Normal"
"0.853267491","Normal"
"0.684124313","Normal"
"0.910284145","Normal"
"0.815140871","Normal"
"0.848202679","Normal"
"0.775136271","Normal"
"0.866994826","Normal"
"0.3254224","Normal"
"0.605261295","Normal"
"0.62346726","Normal"
"0.333707895","Normal"
"0.893817876","Normal"
"0.591537004","Normal"
"0.312728104","Normal"
"0.53657812","Normal"
"0.556159165","Normal"
"0.087011377","Normal"
"0.407483272","Normal"
"0.403442863","Normal"
"0.391222751","Normal"
"0.567377793","Normal"
"0.560481214","Normal"
"0.170273218","Normal"
"0.320085497","Normal"
"0.395434934","Normal"
"0.124804398","Normal"
"0.162823761","Normal"
"0.105360516","GFR"
"0.127339422","GFR"
"0.19948936","PFR"
"0.241162057","PFR"
"0.271315095","PFR"
"0.251314428","PFR"
"0.230905557","PFR"
"0.230905557","PFR"
"0.241162057","PFR"
"0.239229689","PFR"
"0.249811798","PFR"
"0.291054757","PFR"
"0.280902385","PFR"
"0.239229689","PFR"
"0.239229689","PFR"
"0.249811798","PFR"
"0.231801614","PFR"
"0.276753002","PFR"
"0.319770387","PFR"
"0.287682072","PFR"
"0.254529865","PFR"
"0.24323031","PFR"
"0.254529865","PFR"
"0.239229689","PFR"
"0.280902385","PFR"
"0.349895257","PFR"
"0.301105093","PFR"
"0.249811798","PFR"
"0.260283098","PFR"
"0.249811798","PFR"
"0.360904656","PFR"
"0.587134349","PFR"
"0.668222229","PFR"
"0.709157873","PFR"
"0.258513464","PFR"
"0.36902958","PFR"
"0.475992117","PFR"
"0.478513812","PFR"
"0.433521706","PFR"
"0.692975757","PFR"
"0.743128336","PFR"
"0.767291883","PFR"
"0.519838607","PFR"
"0.585116679","PFR"
"0.610168616","PFR"
"0.610168616","PFR"
"0.518795038","PFR"
"0.625939322","PFR"
"0.729961902","PFR"
"0.737164957","PFR"
"0.501407583","PFR"
"0.594708751","PFR"
"0.741442694","PFR"
"0.803962166","PFR"
"0.156086448","GFR"
"0.189342527","PFR"
"0.049190244","Normal"
"0.140857433","Normal"
"0.197610249","Normal"
"0.271933715","GFR"
"0.415827895","GFR"
"0.456237433","GFR"
"0.734819877","Normal"
"0.8593826","Normal"
"0.970133964","Normal"
"0.510825624","Normal"
"0.738403772","Normal"
"0.764606145","Normal"
"0.131028262","Normal"
"0.482426149","Normal"
"0.712949808","Normal"
"0.656105909","Normal"
"0.711165686","Normal"
"0.771790308","Normal"
"0.839329691","Normal"
"0.916290732","Normal"
"0.938269639","Normal"
"0.212274301","PFR"
"0.217723566","PFR"
"0.302608193","PFR"
"0.308148028","PFR"
"0.29334781","PFR"
"0.281983694","PFR"
"0.250224511","PFR"
"0.337871817","PFR"
"0.365459774","PFR"
"0.411979789","PFR"
"0.504925902","PFR"
"0.32668423","GFR"
"0.539943022","GFR"
"0.597837001","GFR"
"0.664326742","GFR"
"0.572519193","GFR"
"0.780158558","GFR"
"0.769687258","GFR"
"0.810930216","GFR"
"0.769687258","GFR"
"0.428193359","PFR"
"0.370373788","PFR"
"0.450416496","PFR"
"0.43936666","PFR"
"0.393633983","PFR"
"0.483082906","PFR"
"0.452555402","PFR"
"0.351355044","PFR"
"0.258108897","PFR"
"0.258364338","PFR"
"0.341049816","PFR"
"0.252699884","PFR"
"0.489136385","PFR"
"0.593966887","PFR"
"0.515104298","PFR"
"0.423890554","PFR"
"0.328200167","PFR"
"0.413127391","PFR"
"0.50774535","PFR"
"0.366244066","PFR"
"0.124642445","GFR"
"0.3261245","GFR"
"0.209139503","GFR"
"0.092893747","GFR"
"0.081699523","GFR"
"0.152531331","GFR"
"0.151066436","GFR"
"0.057158414","GFR"
"0.139345796","PFR"
"0.18818551","PFR"
"0.109347771","PFR"
"0.312005823","PFR"
"0.39877612","PFR"
"0.556509682","PFR"
"0.492785222","PFR"
"0.694852211","GFR"
"0.4687893","PFR"
"0.449581999","PFR"
"0.640483545","PFR"
"0.782270387","PFR"
"0.637966448","PFR"
"0.862076244","GFR"
"0.736544505","PFR"
"0.873632671","PFR"
"0.85350088","PFR"
"0.94108789","PFR"
"0.977101605","PFR"
"0.942623936","PFR"
"1.179464385","PFR"
"1.073428437","PFR"
"1.117509529","PFR"
"1.118772123","PFR"
"1.137951703","PFR"
"1.158163268","PFR"
"0.256207779","PFR"
"0.148649917","PFR"
"0.143484","PFR"
"0.294012078","PFR"
"0.394024988","PFR"
"0.300983606","PFR"
"0.476828415","PFR"
"0.891766852","PFR"
"0.957855862","PFR"
"0.469344572","PFR"
"1.123534714","PFR"
"1.131139314","PFR"
"0.509673882","PFR"
"1.419374232","PFR"
"1.460286705","PFR"
"0.51785965","PFR"
"0.427444015","PFR"
"0.655180583","PFR"
"0.330854244","PFR"
"0.57462858","PFR"
"0.214478669","PFR"
"0.382992252","PFR"
"0.651811557","GFR"
"0.362292936","GFR"
"0.799915156","GFR"
"0.293825137","GFR"
"0.640741333","GFR"
"0.288561967","GFR"
"0.322287602","GFR"
"0.78939898","Normal"
"0.631712645","Normal"
"0.955909931","Normal"
"0.623413842","Normal"
"0.753466971","Normal"
"0.511861357","Normal"
"0.695734504","Normal"
"0.882389025","Normal"
"1.189583184","Normal"
"1.371301181","Normal"
"1.429968923","Normal"
"0.332171831","Normal"
"0.454931201","Normal"
"0.540923964","Normal"
"0.693438447","Normal"
"0.930320137","Normal"
"1.620198701","Normal"
"0.277834668","Normal"
"0.563664714","Normal"
"0.67333577","Normal"
"0.985542683","Normal"
"0.691721664","Normal"
"1.033883816","Normal"
"1.225951711","Normal"
"1.220081673","Normal"
"0.973266481","Normal"
"1.170826754","Normal"
"1.215684773","Normal"
"1.231001477","Normal"
"0.57787157","Normal"
"0.793633256","Normal"
"0.933478327","Normal"
"0.966991885","Normal"
"0.502650707","Normal"
"0.747400691","Normal"
"0.787652531","Normal"
"0.763201435","Normal"
"0.151684588","Normal"
"0.159064695","Normal"
"0.121607132","Normal"
"0.15975922","Normal"
"0.166448208","Normal"
"0.132546656","Normal"
"0.207639365","Normal"
"0.250459362","Normal"
"0.182321557","Normal"
"0.09531018","Normal"
"0.066939483","Normal"
"0.059719235","Normal"
"0.164755233","Normal"
"0.152016207","Normal"
"0.132598121","Normal"
"0.179885502","Normal"
"0.221682631","Normal"
"0.123444191","Normal"
"0.275590027","Normal"
"0.282862786","Normal"
"0.230806424","Normal"
"0.255346692","Normal"
"0.276253376","Normal"
"0.248279525","Normal"
"0.328504067","Normal"
"0.380463806","Normal"
"0.33514861","Normal"
"0.232445944","Normal"
"0.290015796","Normal"
"0.290015796","Normal"
"0.138998875","Normal"
"0.146603475","Normal"
"0.107988638","Normal"
"0.167054084","Normal"
"0.160036512","Normal"
"0.145851877","Normal"
"0.196114878","Normal"
"0.202940843","Normal"
"0.189241999","Normal"
"0.16296131","Normal"
"0.192593108","Normal"
"0.192593108","Normal"
"0.285178943","PFR"
"0.285178943","PFR"
"0.285178943","PFR"
"0.343251924","PFR"
"0.421213465","PFR"
"0.382992252","PFR"
"0.168335314","PFR"
"0.175352887","PFR"
"0.182321556","PFR"
"0.200670696","PFR"
"0.226313126","PFR"
"0.226313126","PFR"
"0.281065791","PFR"
"0.332246467","PFR"
"0.277257327","PFR"
"0.321015368","PFR"
"0.317576228","PFR"
"0.358198837","PFR"
"0.307948639","PFR"
"0.3509637","PFR"
"0.292480162","PFR"
"0.375127557","PFR"
"0.285771357","PFR"
"0.361052562","PFR"
"0.257637277","PFR"
"0.335349648","PFR"
"0.230630605","PFR"
"0.296650005","PFR"
"0.11890608","GFR"
"0.360707181","GFR"
"0.435316974","GFR"
"0.592265101","GFR"
"0.654531874","GFR"
"0.175272132","GFR"
"0.222377191","GFR"
"0.348983073","GFR"
"0.734429615","GFR"
"0.704575458","GFR"
"0.143894542","GFR"
"0.566398566","GFR"
"0.631779682","GFR"
"0.710848301","GFR"
"0.852388627","GFR"
"0.149430158","GFR"
"0.207638857","GFR"
"0.70044576","GFR"
"0.674662154","GFR"
"0.665289905","GFR"
"0.671640975","GFR"
"0.635112288","GFR"
"0.616909282","GFR"
"0.861414122","GFR"
"0.702809091","GFR"
"0.849030062","GFR"
"0.176623536","PFR"
"0.267595313","PFR"
"0.390197636","PFR"
"0.390197636","PFR"
"0.267595313","PFR"
"0.595291391","Normal"
"0.684636491","Normal"
"0.906069177","Normal"
"0.892275855","Normal"
"0.693147181","Normal"
"0.108534609","PFR"
"0.214240666","PFR"
"0.193815863","PFR"
"0.1631925","PFR"
"0.12592397","PFR"
"0.212578644","PFR"
"0.190105678","PFR"
"0.159564493","PFR"
"0.247028236","PFR"
"0.318535224","PFR"
"0.340429312","PFR"
"0.285441862","PFR"
"0.068118578","PFR"
"0.206614101","PFR"
"0.292792148","PFR"
"0.239404017","PFR"
"0.062577709","PFR"
"0.078932909","PFR"
"0.096164997","PFR"
"0.063754643","PFR"
"0.064583373","PFR"
"0.131625474","PFR"
"0.223868265","PFR"
"0.19624359","PFR"
"0.128937854","PFR"
"0.128937854","PFR"
"0.183850471","PFR"
"0.322613058","PFR"
"0.678653191","PFR"
"0.772634612","PFR"
"0.700313547","PFR"
"0.745698389","PFR"
"0.23817674","PFR"
"0.126222179","PFR"
"0.165802651","PFR"
"0.212457424","PFR"
"0.229764365","PFR"
"0.97476268","PFR"
"1.153529544","PFR"
"1.148424349","PFR"
"0.986308486","PFR"
"1.165038739","PFR"
"1.225713338","PFR"
"0.975242628","PFR"
"1.130594188","PFR"
"1.124277074","PFR"
"0.978541585","PFR"
"1.119282589","PFR"
"1.141207174","PFR"
"0.635209343","Normal"
"0.697277711","Normal"
"0.906307288","Normal"
"0.684505744","PFR"
"0.85843474","PFR"
"1.005148714","PFR"
"0.08220286","PFR"
"0.128779146","PFR"
"0.115814575","PFR"
"0.133874485","PFR"
"0.129946428","PFR"
"0.211107883","PFR"
"0.098496722","PFR"
"0.238333696","PFR"
"0.244133404","PFR"
"0.382096886","PFR"
"0.207847653","PFR"
"0.182675643","PFR"
"0.267951965","PFR"
"0.241873471","PFR"
"0.272081177","PFR"
"0.237122492","PFR"
"0.167350219","PFR"
"0.276124748","PFR"
"0.224129709","PFR"
"0.184705109","PFR"
"0.169586902","PFR"
"0.341320007","PFR"
"0.422712225","PFR"
"0.305806667","PFR"
"0.278671421","PFR"
"0.210953996","PFR"
"0.367763126","PFR"
"0.427812407","PFR"
"0.392307024","PFR"
"0.35000603","PFR"
"0.341539375","PFR"
"0.560272846","PFR"
"0.693447196","PFR"
"0.611377638","PFR"
"0.638679799","PFR"
"0.562782831","PFR"
"0.552795591","PFR"
"0.610108762","PFR"
"0.548425591","PFR"
"0.481385972","PFR"
"0.453820759","PFR"
"0.671824897","PFR"
"0.820411798","PFR"
"0.750581329","PFR"
"0.766537709","PFR"
"0.711922877","PFR"
"0.689351237","PFR"
"0.837938137","PFR"
"0.768107668","PFR"
"0.784064048","PFR"
"0.729449217","PFR"
"0.689081017","PFR"
"0.761906055","PFR"
"0.708816707","PFR"
"0.670856266","PFR"
"0.684887677","PFR"
"0.224813193","PFR"
"0.210571043","PFR"
"0.234179997","GFR"
"0.309040448","GFR"
"0.31187675","PFR"
"0.227644876","GFR"
"0.030850776","PFR"
"0.11575022","PFR"
"0.082650271","PFR"
"0.06518598","PFR"
"0.048049698","PFR"
"0.309301686","PFR"
"0.251314428","PFR"
"0.304595795","PFR"
"0.3496854","PFR"
"0.327906874","PFR"
"0.320712598","PFR"
"0.550136249","PFR"
"0.486571255","PFR"
"0.586226906","PFR"
"0.553278083","PFR"
"0.532334316","PFR"
"0.494206702","PFR"
"0.097095309","PFR"
"0.15297411","PFR"
"0.273172819","PFR"
"0.101506298","PFR"
"0.211621013","PFR"
"0.234468398","PFR"
"0.206763631","PFR"
"0.358633808","PFR"
"0.397496938","PFR"
"0.234839591","PFR"
"0.327326904","PFR"
"0.308472842","PFR"
"0.624801155","PFR"
"0.722002141","PFR"
"0.725430838","PFR"
"0.59087513","PFR"
"0.558289235","PFR"
"0.775702111","PFR"
"0.367450995","PFR"
"0.364434402","PFR"
"0.451445778","PFR"
"0.432126418","PFR"
"0.392063461","PFR"
"0.468173169","PFR"
"0.284385695","PFR"
"0.322050979","PFR"
"0.350267022","PFR"
"0.347945857","PFR"
"0.288429736","PFR"
"0.302567","PFR"
"0.290863243","PFR"
"0.315335052","PFR"
"0.32895641","PFR"
"0.290386712","PFR"
"0.285489133","PFR"
"0.278640202","PFR"
"0.259952159","PFR"
"0.229623918","PFR"
"0.27955952","PFR"
"0.205503346","PFR"
"0.20477792","PFR"
"0.175445265","PFR"
"0.325212302","PFR"
"0.405923351","PFR"
"0.383101625","PFR"
"0.380285383","PFR"
"0.371314595","PFR"
"0.385909958","PFR"
"0.282047088","GFR"
"0.617307513","GFR"
"0.370125443","PFR"
"0.459532017","PFR"
"0.204794412","PFR"
"0.255346692","PFR"
"0.189868762","PFR"
"0.127833372","PFR"
"0.211758229","PFR"
"0.249215792","PFR"
"0.282566972","PFR"
"0.219053566","PFR"
"0.416394178","PFR"
"0.451985124","PFR"
"0.402022764","PFR"
"0.500462837","PFR"
"0.440150666","PFR"
"0.417161148","PFR"
"0.353408746","PFR"
"0.426971313","PFR"
"0.115831816","PFR"
"0.067822596","PFR"
"0.146603474","PFR"
"0.191055237","PFR"
"0.100083459","PFR"
"0.146603474","PFR"
"0.141970261","PFR"
"0.199128675","PFR"
"0.112117298","PFR"
"0.112117298","PFR"
"0.065597282","PFR"
"0.616774202","PFR"
"0.616774202","PFR"
"0.534082486","PFR"
"0.736319352","PFR"
"0.648026745","PFR"
"0.632522559","PFR"
"0.281049549","Normal"
"0.349437277","Normal"
"0.297251523","Normal"
"0.256295759","Normal"
"0.32598404","Normal"
"0.325172681","Normal"
"0.309649203","Normal"
"0.301668314","Normal"
"0.265775391","Normal"
"0.30736163","Normal"
"0.332429407","Normal"
"0.325654823","Normal"
"0.29479954","Normal"
"0.321583624","Normal"
"0.334358816","Normal"
"0.353721014","Normal"
"0.343650435","Normal"
"0.293847612","Normal"
"0.196255089","Normal"
"0.703744682","Normal"
"0.913655133","Normal"
"0.727337668","Normal"
"0.829716049","Normal"
"1.109003072","Normal"
"0.332086912","Normal"
"0.07131948","Normal"
"0.139163095","Normal"
"0.198116976","Normal"
"0.33413363","Normal"
"0.136088362","Normal"
"0.422988456","GFR"
"0.461011432","GFR"
"0.514895274","GFR"
"0.535390838","GFR"
"0.471220747","GFR"
"0.618646843","Normal"
"0.508692482","Normal"
"0.744091241","Normal"
"0.565267406","Normal"
"0.705142071","Normal"
"0.614162035","Normal"
"0.648908921","Normal"
"0.667446761","Normal"
"0.389466737","Normal"
"0.217413233","Normal"
"0.421212259","Normal"
"0.269662106","Normal"
"0.343255659","Normal"
"0.326213516","Normal"
"0.360004752","Normal"
"0.389466737","Normal"
"0.586810363","GFR"
"0.58387778","GFR"
"0.765309932","GFR"
"0.740439173","GFR"
"0.218253566","Normal"
"0.338212881","Normal"
"0.405465108","Normal"
"0.380772496","Normal"
"0.248461359","Normal"
"0.396881364","Normal"
"0.447312218","Normal"
"0.422414666","Normal"
"0.203850052","PFR"
"0.180196111","PFR"
"0.119904179","PFR"
"0.11675079","PFR"
"0.213814753","PFR"
"0.105670102","PFR"
"0.153599105","PFR"
"0.119925828","PFR"
"0.119925828","PFR"
"0.107771554","PFR"
"0.170761382","PFR"
"0.037229828","PFR"
"0.085002789","PFR"
"0.06677128","PFR"
"0.138839312","PFR"
"0.147898934","PFR"
"0.134117044","PFR"
"0.091518671","PFR"
"0.089608519","PFR"
"0.228258652","Normal"
"0.306730267","Normal"
"0.15415068","Normal"
"0.383582397","PFR"
"0.365724779","PFR"
"0.281167391","PFR"
"0.286939568","PFR"
"0.430075366","PFR"
"0.409183881","PFR"
"0.340903301","PFR"
"0.458631138","PFR"
"0.583333094","PFR"
"0.259520613","PFR"
"0.389517926","PFR"
"0.363163407","PFR"
"0.34919815","PFR"
"0.419538324","PFR"
"0.496451217","PFR"
"0.302280872","PFR"
"0.137201122","PFR"
"0.179585577","PFR"
"0.12323264","PFR"
"0.37371641","Normal"
"0.184922338","Normal"
"0.27510329","Normal"
"0.139761942","Normal"
"0.686193571","Normal"
"0.681367037","Normal"
"0.835725178","Normal"
"0.826185149","Normal"
"0.464565018","Normal"
"0.700677629","Normal"
"0.687776156","Normal"
"0.735065841","Normal"
"0.977555029","Normal"
"0.969067069","Normal"
"0.457070123","Normal"
"0.457070123","Normal"
"0.697806017","Normal"
"0.697806017","Normal"
"0.451187736","Normal"
"0.661965107","Normal"
"0.693143517","Normal"
"0.307226468","Normal"
"0.666480468","Normal"
"0.714839683","Normal"
"0.847297491","PFR"
"0.828066473","PFR"
"0.875467876","PFR"
"0.884684373","PFR"
"0.498554784","PFR"
"0.513264843","PFR"
"0.483632875","PFR"
"0.527754214","PFR"
"0.611319716","PFR"
"0.641855844","PFR"
"0.619039822","PFR"
"0.67875802","PFR"
"0.495616029","GFR"
"0.518343889","GFR"
"0.614675811","GFR"
"0.654680448","GFR"
"0.55961994","Normal"
"0.552065848","Normal"
"0.581920106","Normal"
"0.574541835","Normal"
"0.532212891","PFR"
"0.555749682","PFR"
"0.524250822","PFR"
"0.540120201","PFR"
"0.575363776","PFR"
"0.64435554","PFR"
"0.619036142","PFR"
"0.635989375","PFR"
"0.710237367","PFR"
"0.759841141","PFR"
"0.814752247","PFR"
"0.775837465","PFR"
"0.242198614","Normal"
"0.323076592","Normal"
"0.282592247","Normal"
"0.199009831","Normal"
"0.130641645","Normal"
"0.064958433","GFR"
"0.095919691","GFR"
"0.114047475","GFR"
"0.052490169","GFR"
"0.13950164","GFR"
"0.170272954","GFR"
"0.04604295","GFR"
"0.150404666","GFR"
"0.168258561","GFR"
"0.032157391","GFR"
"0.044736032","GFR"
"0.050967129","GFR"
"0.070617494","GFR"
"0.129457306","GFR"
"0.341106035","GFR"
"0.049479305","GFR"
"0.083381494","GFR"
"0.096626704","GFR"
"0.087011954","GFR"
"0.161119835","GFR"
"0.167053978","GFR"
"0.10398958","GFR"
"0.122338096","GFR"
"0.169684189","GFR"
"0.108951184","Normal"
"0.108951184","Normal"
"0.095963988","Normal"
"0.102478669","Normal"
"0.304923879","Normal"
"0.311313677","Normal"
"0.317662905","Normal"
"0.330241687","Normal"
"0.348759081","Normal"
"0.317677127","Normal"
"0.301475395","Normal"
"0.332922921","Normal"
"0.321529446","Normal"
"0.343257708","Normal"
"0.975294873","GFR"
"0.826994026","GFR"
"0.966650568","GFR"
"0.812412136","PFR"
"1.098610309","PFR"
"0.856301731","PFR"
"1.111189191","PFR"
"0.745332844","PFR"
"1.037242828","PFR"
"0.053256395","PFR"
"0.084635242","PFR"
"0.108775879","PFR"
"0.030708483","PFR"
"0.034557907","PFR"
"0.070596791","PFR"
"0.115140254","PFR"
"0.132700174","PFR"
"0.050098037","PFR"
"0.237701726","PFR"
"0.259598559","PFR"
"0.087726776","PFR"
"0.248604733","PFR"
"0.246371236","PFR"
"0.085694177","PFR"
"0.228394002","PFR"
"0.176821292","PFR"
"1.393028393","Normal"
"1.351926718","Normal"
"1.218571604","Normal"
"1.14646831","Normal"
"0.971860583","PFR"
"0.84218276","PFR"
"1.019831411","PFR"
"0.907158248","PFR"
"1.166750094","Normal"
"1.148622709","Normal"
"1.118414916","Normal"
"1.1442228","Normal"
"0.164040163","PFR"
"0.235243947","PFR"
"0.278949049","PFR"
"0.22796216","PFR"
"0.337162499","PFR"
"0.397380913","PFR"
"0.401791046","Normal"
"0.742880289","Normal"
"1.310467708","Normal"
"0.592991372","Normal"
"0.682731679","Normal"
"0.646763857","Normal"
"0.423810719","Normal"
"0.706937845","Normal"
"1.232719718","Normal"
"0.715419791","Normal"
"0.827804922","Normal"
"0.862624135","Normal"
"0.499493419","Normal"
"1.050523761","Normal"
"1.023053548","Normal"
"0.736010291","Normal"
"0.96889267","Normal"
"1.051284804","Normal"
"0.613104107","Normal"
"0.938269511","Normal"
"1.003016847","Normal"
"0.705868567","PFR"
"0.787253171","PFR"
"0.722328791","PFR"
"1.198049589","PFR"
"1.227999457","PFR"
"1.217479196","PFR"
"0.449234527","PFR"
"0.535368","PFR"
"0.492056744","PFR"
"1.078182469","Normal"
"1.193174509","Normal"
"1.10632317","Normal"
"0.488670707","Normal"
"0.580810611","Normal"
"0.495288438","Normal"
"0.651236285","GFR"
"0.595221643","GFR"
"0.599344918","GFR"
"0.709115584","GFR"
"0.765709223","GFR"
"0.774519853","GFR"
"0.988832853","GFR"
"1.128325186","GFR"
"0.641488322","Normal"
"0.62396828","Normal"
"0.743849284","Normal"
"0.98436908","Normal"
"0.229185866","PFR"
"0.298981628","PFR"
"0.198850859","PFR"
"0.21511138","PFR"
"0.398907708","PFR"
"0.462623522","PFR"
"0.204794413","PFR"
"0.298981628","PFR"
"0.475632033","PFR"
"0.772850963","PFR"
"0.989191767","PFR"
"0.279263161","PFR"
"0.619068192","PFR"
"0.767551158","PFR"
"0.567147491","PFR"
"0.776198838","PFR"
"1.020991236","PFR"
"0.521422326","PFR"
"0.663338438","PFR"
"0.885842808","PFR"
"0.177273097","Normal"
"0.254234138","Normal"
"0.224312459","Normal"
"0.219105718","Normal"
"0.31255572","Normal"
"0.272186171","Normal"
"0.388935806","Normal"
"0.867500568","Normal"
"0.500775288","Normal"
"0.594056278","PFR"
"0.251460782","PFR"
"0.386627318","PFR"
"0.460285867","PFR"
"0.648293114","PFR"
"0.2923169","PFR"
"0.415477948","PFR"
"0.468159224","PFR"
"0.690817631","PFR"
"0.210377167","Normal"
"0.44273497","Normal"
"0.453695247","Normal"
"0.658611614","Normal"
"0.795662794","GFR"
"0.774936357","GFR"
"0.920363896","GFR"
"0.83557085","GFR"
"0.856191558","GFR"
"0.782760174","GFR"
"0.801999033","GFR"
"0.751415926","GFR"
"0.866810702","GFR"
"0.775842644","GFR"
"0.780924986","GFR"
"0.693143224","GFR"
"0.807092279","GFR"
"0.857102888","GFR"
"0.831134048","GFR"
"0.771617841","GFR"
"0.864996922","GFR"
"0.805866566","GFR"
"0.707198896","GFR"
"0.770284277","GFR"
"0.874729678","GFR"
"0.805998774","GFR"
"0.630757963","GFR"
"0.54569549","GFR"
"0.37757119","Normal"
"0.7987852","Normal"
"0.817361469","Normal"
"0.571044074","Normal"
"0.609265039","Normal"
"0.941263936","Normal"
"1.027786237","GFR"
"0.726904606","GFR"
"1.240921591","GFR"
"1.236056836","GFR"
"1.411780645","GFR"
"1.321009546","GFR"
"0.527110217","GFR"
"0.92224313","GFR"
"1.047580809","GFR"
"1.083574411","GFR"
"1.144793034","GFR"
"0.272129659","GFR"
"0.344669004","GFR"
"0.568395476","GFR"
"0.609497152","GFR"
"0.559027726","GFR"
"0.458865885","PFR"
"0.654432668","PFR"
"0.850907973","PFR"
"0.458865885","PFR"
"0.647831984","PFR"
"0.494696242","GFR"
"0.67972416","GFR"
"0.875468737","GFR"
"1.03199754","GFR"
"1.057790294","GFR"
"0.046769735","GFR"
"0.230338952","GFR"
"0.163303551","GFR"
"0.173253882","GFR"
"0.035660873","GFR"
"0.434038481","GFR"
"0.461818045","GFR"
"0.287627723","GFR"
"0.330241687","GFR"
"0.895271365","PFR"
"1.156881197","PFR"
"1.305626458","PFR"
"1.324418958","PFR"
"1.416338482","PFR"
"0.274596833","PFR"
"0.467500499","PFR"
"0.609765571","PFR"
"0.635518068","PFR"
"0.654406352","PFR"
"0.285965334","Normal"
"0.386416913","Normal"
"0.620225995","Normal"
"0.665319298","Normal"
"0.751448452","Normal"
"0.293564699","Normal"
"0.443861303","Normal"
"0.658872584","Normal"
"0.806972735","Normal"
"0.815184853","Normal"
"0.47198579","GFR"
"0.324496046","GFR"
"0.237328186","GFR"
"0.491594262","GFR"
"0.470003629","GFR"
"0.292136423","GFR"
"0.584253092","GFR"
"0.530628251","GFR"
"0.381367557","GFR"
"0.349184272","GFR"
"0.399985642","GFR"
"0.410427897","GFR"
"0.474093614","GFR"
"0.399155939","GFR"
"0.486655263","GFR"
"0.56195497","GFR"
"0.424157241","GFR"
"0.175235988","Normal"
"0.186094499","Normal"
"0.195034554","GFR"
"0.447792624","Normal"
"0.710414403","Normal"
"0.821852446","Normal"
"0.26507129","Normal"
"0.427610638","Normal"
"0.489259705","Normal"
"0.216700823","GFR"
"0.218545842","GFR"
"0.097447612","GFR"
"0.096350582","GFR"
"0.181518666","GFR"
"0.25877715","GFR"
"0.073331273","Normal"
"0.225624942","Normal"
"0.378114484","PFR"
"0.594436971","PFR"
"0.770978165","PFR"
"0.706117531","PFR"
"0.455543846","PFR"
"0.589962944","PFR"
"0.617529774","PFR"
"0.564804385","PFR"
"0.364433711","PFR"
"0.573163232","PFR"
"0.703147264","PFR"
"0.679231712","PFR"
"0.466198055","PFR"
"0.602109628","PFR"
"0.624548864","PFR"
"0.572944092","PFR"
"0.068423263","GFR"
"0.220017422","GFR"
"0.531263598","GFR"
"0.541073676","Normal"
"0.650804517","Normal"
"0.779518558","Normal"
"0.450133821","Normal"
"0.598076895","Normal"
"0.431576252","Normal"
"0.537876623","Normal"
"0.640503447","Normal"
"0.422929026","Normal"
"0.44820398","Normal"
"0.126301225","PFR"
"0.167556001","PFR"
"0.200590242","PFR"
"0.182598067","PFR"
"0.135801541","Normal"
"0.174716957","Normal"
"0.241162057","Normal"
"0.189868763","Normal"
"0.182321557","Normal"
"0.634878273","Normal"
"0.920057215","Normal"
"1.046987923","Normal"
"1.020140673","Normal"
"0.971350509","Normal"
"0.405465108","Normal"
"0.708185058","Normal"
"0.766172315","Normal"
"0.744819191","Normal"
"0.744819191","Normal"
"0.097126406","Normal"
"0.157263711","Normal"
"0.073850307","Normal"
"0.181082199","Normal"
"0.30559059","Normal"
"0.276060285","Normal"
"0.199267464","Normal"
"0.322612315","Normal"
"0.281416558","Normal"
"0.218465231","PFR"
"0.349473503","PFR"
"0.337717761","PFR"
"1.182997969","Normal"
"1.526871524","Normal"
"1.646477856","Normal"
"1.060251576","Normal"
"1.394326255","Normal"
"1.553038035","Normal"
"1.004202863","GFR"
"1.197188967","GFR"
"1.163999191","GFR"
"1.103044831","GFR"
"1.211938995","GFR"
"1.345469321","GFR"
"0.194159662","GFR"
"0.865989436","Normal"
"0.942361286","Normal"
"0.606135267","Normal"
"0.681170278","Normal"
"0.587784828","GFR"
"0.624150176","GFR"
"0.820148578","Normal"
"1.01160279","Normal"
"0.806225402","Normal"
"1.01543644","Normal"
"0.053518489","Normal"
"0.180630939","Normal"
"0.590979006","Normal"
"0.791876469","Normal"
"0.597995668","Normal"
"0.416986754","Normal"
"0.942063714","Normal"
"1.557846096","Normal"
"0.798593566","Normal"
"0.545227051","Normal"
"0.885831524","Normal"
"1.081805171","Normal"
"1.155307632","Normal"
"1.280933845","Normal"
"1.348073148","Normal"
"0.346276237","Normal"
"0.514267968","Normal"
"0.775838896","Normal"
"0.852211875","Normal"
"0.822358913","Normal"
"0.923163611","Normal"
"0.874030923","Normal"
"0.231801614","Normal"
"0.412685356","Normal"
"0.482157729","Normal"
"0.608110138","Normal"
"0.637266722","Normal"
"0.642997397","Normal"
"0.608110138","Normal"
"0.362114667","Normal"
"0.546543706","Normal"
"0.684014697","Normal"
"0.81294838","Normal"
"0.941426705","Normal"
"0.905321701","Normal"
"0.934309237","Normal"
"0.096849826","PFR"
"0.185142433","PFR"
"0.266267978","PFR"
"0.304489191","PFR"
"0.329181803","PFR"
"0.266267978","PFR"
"0.279171383","PFR"
"0.138150339","Normal"
"0.249941744","Normal"
"0.37623547","Normal"
"0.350482973","Normal"
"0.37623547","Normal"
"0.350482973","Normal"
"0.433864583","Normal"
"0.287682072","Normal"
"0.319770387","Normal"
"0.400622484","Normal"
"0.361013345","Normal"
"0.410284394","Normal"
"0.448024722","Normal"
"0.448024722","Normal"
"0.031090587","Normal"
"0.071095922","Normal"
"0.090514008","Normal"
"0.080852097","Normal"
"0.080852097","Normal"
"0.031090587","Normal"
"1.10963692","Normal"
"1.253090569","Normal"
"0.432082966","Normal"
"0.454209682","Normal"
"0.310845366","Normal"
"0.401125277","Normal"
"1.071085909","Normal"
"1.385193039","Normal"
"1.152013065","Normal"
"1.422930392","Normal"
"0.916450847","Normal"
"1.090708168","Normal"
"0.0822106","PFR"
"0.129211731","PFR"
"0.189782336","PFR"
"0.132902264","PFR"
"0.156842471","PFR"
"0.254105777","PFR"
"0.052565397","PFR"
"0.126121112","PFR"
"0.174312653","PFR"
"0.063927087","PFR"
"0.096642921","PFR"
"0.230451745","PFR"
"0.172953807","PFR"
"0.102694736","PFR"
"0.392660836","Normal"
"0.191608242","Normal"
"0.696833141","Normal"
"0.424485433","Normal"
"0.455078457","Normal"
"0.20693973","Normal"
"0.416358238","Normal"
"0.542194523","Normal"
"0.268792202","Normal"
"0.456059556","Normal"
"0.164625372","Normal"
"0.044947213","Normal"
"0.433868165","Normal"
"0.446842255","Normal"
"0.53302644","GFR"
"1.006019524","GFR"
"1.12876521","GFR"
"1.14837174","GFR"
"1.264361137","GFR"
"0.390427209","GFR"
"0.65511897","GFR"
"0.715287267","GFR"
"0.768585978","GFR"
"0.795892811","GFR"
"0.267994302","GFR"
"0.386945561","GFR"
"0.444449921","GFR"
"0.411561661","GFR"
"0.414599836","GFR"
"0.219615946","GFR"
"0.243391212","GFR"
"0.209641554","GFR"
"0.133660294","GFR"
"0.235375075","GFR"
"0.227191723","GFR"
"0.143903734","GFR"
"0.305137729","GFR"
"0.32139825","GFR"
"0.223273161","GFR"
"0.325908349","GFR"
"0.325908349","GFR"
"0.105480773","GFR"
"0.133230686","GFR"
"0.176871952","GFR"
"0.255231866","GFR"
"0.24251983","GFR"
"0.171850257","Normal"
"0.149411439","Normal"
"0.038071181","Normal"
"0.095404971","Normal"
"0.110833776","Normal"
"0.044157284","Normal"
"0.197835541","Normal"
"0.139549601","Normal"
"0.099320531","Normal"
"0.08291239","Normal"
"0.069057173","Normal"
"0.242277953","PFR"
"0.417813403","PFR"
"0.405520432","PFR"
"0.40762046","PFR"
"0.207795557","PFR"
"0.328268814","PFR"
"0.242277953","PFR"
"0.417813403","PFR"
"0.405520432","PFR"
"0.40762046","PFR"
"0.207795557","PFR"
"0.328268814","PFR"
"0.302616296","GFR"
"0.60781789","GFR"
"0.684623301","GFR"
"0.728025621","GFR"
"0.051220299","GFR"
"0.269637024","GFR"
"0.457147621","GFR"
"0.577187299","GFR"
"0.259835818","GFR"
"0.245122458","GFR"
"0.541413611","GFR"
"0.392758457","GFR"
"0.220045975","GFR"
"0.35072947","GFR"
"0.34618194","GFR"
"0.297619644","GFR"
"0.423877596","GFR"
"0.633937063","GFR"
"0.783057951","GFR"
"0.776668153","GFR"
"0.811317288","GFR"
"0.4295897","GFR"
"0.564229126","GFR"
"0.656716439","GFR"
"0.689734208","GFR"
"0.647843266","GFR"
"0.274001969","GFR"
"0.402744018","GFR"
"0.474578745","GFR"
"0.523248144","GFR"
"0.473733079","GFR"
"0.173499823","GFR"
"0.301079998","GFR"
"0.352651805","GFR"
"0.385612291","GFR"
"0.373594979","GFR"
"0.258126542","GFR"
"0.360854678","GFR"
"0.390519775","GFR"
"0.426191239","GFR"
"0.458153589","GFR"
"0.710846758","PFR"
"1.154825434","PFR"
"1.534230435","PFR"
"1.668861333","PFR"
"0.647536669","PFR"
"0.950107354","PFR"
"1.164344365","PFR"
"1.292018678","PFR"
"1.429152498","PFR"
"0.670589833","PFR"
"0.90357077","PFR"
"1.251168496","PFR"
"1.422794763","PFR"
"1.528155279","PFR"
"0.645137961","PFR"
"0.970357953","PFR"
"1.217423602","PFR"
"1.374067135","PFR"
"1.462322611","PFR"
"0.440947796","PFR"
"0.86613741","PFR"
"1.119042008","PFR"
"1.233561664","PFR"
"1.324847033","PFR"
"0.621215962","Normal"
"0.911178537","Normal"
"1.09955613","Normal"
"1.145647237","Normal"
"1.211029997","Normal"
"0.503056212","Normal"
"0.77428595","Normal"
"0.926422531","Normal"
"0.936053424","Normal"
"0.970593749","Normal"
"0.666602056","Normal"
"0.895576527","Normal"
"1.083309771","Normal"
"1.079447271","Normal"
"1.099371302","Normal"
"0.412109651","Normal"
"0.577549256","Normal"
"0.765467842","Normal"
"0.76856382","Normal"
"0.803495238","Normal"
"0.848875148","Normal"
"1.060127953","Normal"
"1.207557532","Normal"
"1.214141918","Normal"
"1.281547531","Normal"
"0.080515969","GFR"
"0.033831325","GFR"
"0.238658509","Normal"
"0.353168219","Normal"
"0.371040344","Normal"
"0.091434206","Normal"
"0.213983182","Normal"
"0.637685878","Normal"
"0.085893121","Normal"
"0.129541886","Normal"
"0.102356946","Normal"
"0.214294769","Normal"
"0.223603216","GFR"
"0.427444015","GFR"
"0.40776132","GFR"
"0.226997121","GFR"
"0.364750358","GFR"
"0.34717046","GFR"
"0.281544394","GFR"
"0.457690369","GFR"
"0.544517363","GFR"
"0.18610228","GFR"
"0.388144247","GFR"
"0.463352773","GFR"
"0.352821375","Normal"
"0.570544858","Normal"
"0.291520849","Normal"
"0.526093096","Normal"
"0.61146915","Normal"
"0.84729786","Normal"
"0.433635985","Normal"
"0.563689113","Normal"
"0.60077386","Normal"
"0.920204631","Normal"
"0.973449146","Normal"
"0.400160056","Normal"
"0.644357016","Normal"
"0.70105236","Normal"
"0.538996501","Normal"
"0.936493439","Normal"
"0.936493439","Normal"
"0.263584521","Normal"
"0.557345639","Normal"
"0.575364145","Normal"
"0.343333327","Normal"
"0.360282885","Normal"
"0.360282885","Normal"
"0.336472237","Normal"
"0.36772478","Normal"
"0.375387653","Normal"
"0.319430771","Normal"
"0.387381433","Normal"
"0.409042929","Normal"
"0.924948795","Normal"
"1.046555927","Normal"
"1.091339529","Normal"
"0.90016135","Normal"
"1.022450928","Normal"
"1.043804052","Normal"
"0.875468737","Normal"
"0.976273436","Normal"
"0.996613121","Normal"
"0.229930751","PFR"
"0.359242874","PFR"
"0.429496474","PFR"
"0.478623999","PFR"
"0.130094678","PFR"
"0.276690598","PFR"
"0.376726211","PFR"
"0.376726211","PFR"
"0.231745255","GFR"
"0.398984508","GFR"
"0.459765783","GFR"
"0.514833458","GFR"
"0.193310858","GFR"
"0.350537716","GFR"
"0.42604023","GFR"
"0.417524049","GFR"
"0.372811946","Normal"
"0.421405446","Normal"
"0.452531693","Normal"
"0.460168104","Normal"
"0.101782694","GFR"
"0.30538165","GFR"
"0.100676666","GFR"
"0.249582226","GFR"
"0.353242268","GFR"
"0.261645099","GFR"
"0.247152091","GFR"
"0.209973088","GFR"
"0.183468346","GFR"
"0.158811549","GFR"
"0.090344491","GFR"
"0.09763847","GFR"
"0.059115188","GFR"
"0.045426761","GFR"
"0.054573166","GFR"
"0.283808601","PFR"
"0.291540598","PFR"
"0.365740259","PFR"
"0.119325056","PFR"
"0.396162715","PFR"
"0.177681177","PFR"
"0.319715561","PFR"
"0.246480231","PFR"
"0.386772975","PFR"
"0.328504067","PFR"
"0.040821995","PFR"
"0.283768173","PFR"
"0.413506507","PFR"
"0.441338315","PFR"
"0.456066121","PFR"
"0.291910409","PFR"
"0.526863215","PFR"
"0.447590034","PFR"
"0.523006674","PFR"
"0.450917825","PFR"
"0.547435369","PFR"
"0.365113813","PFR"
"0.49240405","PFR"
"0.501920379","PFR"
"0.186823587","Normal"
"0.566999077","Normal"
"0.603171102","Normal"
"0.172974188","Normal"
"0.464696017","Normal"
"0.541831746","Normal"
"0.219386502","Normal"
"0.698018111","Normal"
"0.802386881","Normal"
"0.393904286","PFR"
"0.493433881","PFR"
"0.416893804","PFR"
"0.460524885","PFR"
"0.540567593","PFR"
"0.460524885","PFR"
"0.595508711","PFR"
"0.727436254","PFR"
"0.716136699","PFR"
"0.499955952","PFR"
"0.732887509","PFR"
"0.745790914","PFR"
"0.90863599","Normal"
"1.084418666","Normal"
"1.097857002","Normal"
"0.76730906","Normal"
"0.941627408","Normal"
"1.170552594","Normal"
"0.499695579","Normal"
"1.048534","Normal"
"1.019271131","Normal"
"0.551470509","Normal"
"0.967415581","Normal"
"1.042359313","Normal"
"0.727400026","Normal"
"0.961199602","Normal"
"1.044687437","Normal"
"0.594843935","Normal"
"1.031336338","Normal"
"1.078318469","Normal"
"0.197912073","GFR"
"0.327291211","GFR"
"0.293975359","GFR"
"0.159630146","GFR"
"0.312843618","GFR"
"0.360896789","GFR"
"0.178359949","GFR"
"0.308450313","GFR"
"0.208437404","GFR"
"0.207504657","GFR"
"0.297867098","GFR"
"0.332461742","GFR"
"0.27029033","PFR"
"0.129211731","PFR"
"0.860902141","GFR"
"1.13867642","GFR"
"1.213585544","GFR"
"0.857396786","GFR"
"1.20706703","GFR"
"1.1528784","GFR"
"0.76893941","GFR"
"1.101915165","GFR"
"1.094486749","GFR"
"1.182281907","GFR"
"1.502407913","GFR"
"1.652299568","GFR"
"1.340023799","GFR"
"1.613166715","GFR"
"1.345129191","GFR"
"0.194065806","PFR"
"0.262403584","PFR"
"0.324830605","PFR"
"0.31106892","PFR"
"0.256817895","PFR"
"0.377291127","PFR"
"0.474015997","PFR"
"0.550117381","PFR"
"0.52001935","PFR"
"0.45668596","PFR"
"0.23317708","PFR"
"0.341859858","PFR"
"0.281095301","PFR"
"0.210332606","Normal"
"0.331218825","Normal"
"0.263939656","Normal"
"0.238793323","Normal"
"0.470594937","Normal"
"0.504496489","Normal"
"0.487204992","Normal"
"0.282759261","Normal"
"0.492079581","Normal"
"0.521129499","Normal"
"0.49860844","Normal"
"0.418660399","Normal"
"0.619331094","Normal"
"0.536304709","Normal"
"0.534082486","Normal"
"0.429250013","Normal"
"0.492719587","Normal"
"0.567400352","Normal"
"0.500708977","Normal"
"0.186585956","GFR"
"0.228258652","GFR"
"0.050010421","GFR"
"0.070617567","GFR"
"0.070617567","GFR"
"0.198450939","GFR"
"0.241162057","GFR"
"0.405465108","GFR"
"0.546543706","GFR"
"0.140581951","GFR"
"0.18859117","GFR"
"0.320167528","GFR"
"0.27541198","GFR"
"0.42956266","GFR"
"0.397301797","GFR"
"0.163629424","GFR"
"0.200670695","GFR"
"0.270874954","GFR"
"0.377294231","GFR"
"0.377294231","GFR"
"0.41925843","GFR"
"0.100083459","GFR"
"0.176456437","GFR"
"0.247408173","GFR"
"0.200670695","GFR"
"0.328504067","GFR"
"0.200670695","GFR"
"0.35364004","GFR"
"0.510825624","GFR"
"0.473784352","GFR"
"0.394654192","GFR"
"0.478035801","GFR"
"0.709147522","GFR"
"0.497838428","GFR"
"0.709147522","GFR"
"0.8001193","GFR"
"0.378066134","GFR"
"0.449525098","GFR"
"0.449525098","GFR"
"0.371563556","GFR"
"0.371563556","GFR"
"0.38865799","GFR"
"0.473784352","GFR"
"0.630626824","GFR"
"0.693147181","GFR"
"0.379489622","GFR"
"0.47957308","GFR"
"0.541130973","GFR"
"0.4035059","Normal"
"0.526359046","Normal"
"0.637825243","Normal"
"0.19196268","Normal"
"0.299167323","Normal"
"0.321027018","Normal"
"0.402593844","Normal"
"0.563783838","Normal"
"0.56964582","Normal"
"0.190714036","Normal"
"0.251025233","Normal"
"0.276926553","Normal"
"0.30641082","PFR"
"0.382209878","PFR"
"0.350760443","PFR"
"0.353896274","PFR"
"0.437029564","PFR"
"0.414520896","PFR"
"0.257293682","PFR"
"0.426413367","PFR"
"0.464133356","PFR"
"0.268129485","PFR"
"0.4435053","PFR"
"0.489041039","PFR"
